Time [s],Packet ID,MOSI,MISO
0.645314791666667,0,0x0001,
0.645322500000000,0,0x0115,
0.645577666666667,0,0x0001,
0.645585375000000,0,0x0109,
0.645974750000000,0,0x0010,
0.645982458333333,0,0x030F,
0.654144125000000,0,0x0001,
0.654151791666667,0,0x0111,
0.654790750000000,0,0x0001,
0.654798416666667,0,0x0105,
0.655053125000000,0,0x0010,
0.655060833333333,0,0x030B,
0.663237541666667,0,0x0001,
0.663245250000000,0,0x011D,
0.663499708333333,0,0x0001,
0.663507416666667,0,0x0101,
0.663762625000000,0,0x0010,
0.663770333333333,0,0x0307,
0.671931375000000,0,0x0001,
0.671939041666667,0,0x0119,
0.672193916666667,0,0x0001,
0.672201625000000,0,0x010D,
0.672457791666667,0,0x0010,
0.672465458333333,0,0x0303,
0.680622208333333,0,0x0001,
0.680629875000000,0,0x0115,
0.680884833333333,0,0x0001,
0.680892500000000,0,0x0109,
0.681146458333333,0,0x0010,
0.681154125000000,0,0x030F,
0.689310916666667,0,0x0001,
0.689318625000000,0,0x0111,
0.689574333333333,0,0x0001,
0.689582000000000,0,0x0105,
0.689836250000000,0,0x0010,
0.689843958333333,0,0x030B,
0.692228333333333,0,0x0010,
0.692236000000000,0,0x030F,
0.692253000000000,0,0x0010,
0.692260666666667,0,0x0303,
0.700420000000000,0,0x0001,
0.700427666666667,0,0x0115,
0.700682000000000,0,0x0001,
0.700689708333333,0,0x0109,
0.700952166666667,0,0x0010,
0.700959833333333,0,0x030F,
0.709126625000000,0,0x0001,
0.709134333333333,0,0x0111,
0.709389000000000,0,0x0001,
0.709396708333333,0,0x0105,
0.709653916666667,0,0x0010,
0.709661625000000,0,0x030B,
0.717822333333333,0,0x0001,
0.717830041666667,0,0x011D,
0.718085625000000,0,0x0001,
0.718093291666667,0,0x0101,
0.718350083333333,0,0x0010,
0.718357750000000,0,0x0307,
0.726516041666667,0,0x0001,
0.726523708333333,0,0x0119,
0.726783791666667,0,0x0001,
0.726791458333333,0,0x010D,
0.727049708333333,0,0x0010,
0.727057375000000,0,0x0303,
0.735217750000000,0,0x0001,
0.735225416666667,0,0x0115,
0.735481625000000,0,0x0001,
0.735489333333333,0,0x0109,
0.735744291666667,0,0x0010,
0.735751958333333,0,0x030F,
0.750405375000000,0,0x0001,
0.750413083333333,0,0x0119,
0.750670041666667,0,0x0001,
0.750677750000000,0,0x010D,
0.750933375000000,0,0x0010,
0.750941041666667,0,0x0303,
0.759123750000000,0,0x0001,
0.759131416666667,0,0x0115,
0.759385625000000,0,0x0001,
0.759393333333333,0,0x0109,
0.759649791666667,0,0x0010,
0.759657458333333,0,0x030F,
0.767825666666667,0,0x0001,
0.767833375000000,0,0x0111,
0.768094458333333,0,0x0001,
0.768102166666667,0,0x0105,
0.768357750000000,0,0x0010,
0.768365416666667,0,0x030B,
0.776525916666667,0,0x0001,
0.776533583333333,0,0x011D,
0.776788250000000,0,0x0001,
0.776795916666667,0,0x0101,
0.777050875000000,0,0x0010,
0.777058541666667,0,0x0307,
0.785228166666667,0,0x0001,
0.785235833333333,0,0x0119,
0.785492500000000,0,0x0001,
0.785500166666667,0,0x010D,
0.785755125000000,0,0x0010,
0.785762791666667,0,0x0303,
0.800436875000000,0,0x0001,
0.800444541666667,0,0x011D,
0.800701500000000,0,0x0001,
0.800709208333333,0,0x0101,
0.800964500000000,0,0x0010,
0.800972166666667,0,0x0307,
0.809136666666667,0,0x0001,
0.809144333333333,0,0x0119,
0.809399166666667,0,0x0001,
0.809406833333333,0,0x010D,
0.809667166666667,0,0x0010,
0.809674833333333,0,0x0303,
0.817831500000000,0,0x0001,
0.817839166666667,0,0x0115,
0.818097000000000,0,0x0001,
0.818104666666667,0,0x0109,
0.818359458333333,0,0x0010,
0.818367125000000,0,0x030F,
0.826529250000000,0,0x0001,
0.826536958333333,0,0x0111,
0.826793416666667,0,0x0001,
0.826801083333333,0,0x0105,
0.827057416666667,0,0x0010,
0.827065083333333,0,0x030B,
0.835222083333333,0,0x0001,
0.835229791666667,0,0x011D,
0.835485125000000,0,0x0001,
0.835492791666667,0,0x0101,
0.835748041666667,0,0x0010,
0.835755708333333,0,0x0307,
0.850420416666667,0,0x0001,
0.850428083333333,0,0x0111,
0.850686250000000,0,0x0001,
0.850693916666667,0,0x0105,
0.850954458333333,0,0x0010,
0.850962166666667,0,0x030B,
0.859127958333333,0,0x0001,
0.859135666666667,0,0x011D,
0.859390375000000,0,0x0001,
0.859398041666667,0,0x0101,
0.859653375000000,0,0x0010,
0.859661041666667,0,0x0307,
0.867835208333333,0,0x0001,
0.867842875000000,0,0x0119,
0.868102500000000,0,0x0001,
0.868110208333333,0,0x010D,
0.868365375000000,0,0x0010,
0.868373041666667,0,0x0303,
0.876532541666667,0,0x0001,
0.876540208333333,0,0x0115,
0.876795250000000,0,0x0001,
0.876802916666667,0,0x0109,
0.877057166666667,0,0x0010,
0.877064875000000,0,0x030F,
0.885234250000000,0,0x0001,
0.885241916666667,0,0x0111,
0.885498375000000,0,0x0001,
0.885506041666667,0,0x0105,
0.885764333333333,0,0x0010,
0.885772041666667,0,0x030B,
0.900438708333333,0,0x0001,
0.900446416666667,0,0x0115,
0.900701166666667,0,0x0001,
0.900708833333333,0,0x0109,
0.900965625000000,0,0x0010,
0.900973291666667,0,0x030F,
0.909137125000000,0,0x0001,
0.909144791666667,0,0x0111,
0.909399916666667,0,0x0001,
0.909407583333333,0,0x0105,
0.909663583333333,0,0x0010,
0.909671250000000,0,0x030B,
0.917834833333333,0,0x0001,
0.917842541666667,0,0x011D,
0.918098541666667,0,0x0001,
0.918106208333333,0,0x0101,
0.918361166666667,0,0x0010,
0.918368833333333,0,0x0307,
0.926528291666667,0,0x0001,
0.926536000000000,0,0x0119,
0.926791916666667,0,0x0001,
0.926799583333333,0,0x010D,
0.927054291666667,0,0x0010,
0.927062000000000,0,0x0303,
0.935220375000000,0,0x0001,
0.935228083333333,0,0x0115,
0.935484083333333,0,0x0001,
0.935491750000000,0,0x0109,
0.935747250000000,0,0x0010,
0.935754958333333,0,0x030F,
0.950444000000000,0,0x0001,
0.950451666666667,0,0x0119,
0.950706416666667,0,0x0001,
0.950714125000000,0,0x010D,
0.950975625000000,0,0x0010,
0.950983291666667,0,0x0303,
0.959143416666667,0,0x0001,
0.959151083333333,0,0x0115,
0.959406333333333,0,0x0001,
0.959414000000000,0,0x0109,
0.959668541666667,0,0x0010,
0.959676208333333,0,0x030F,
0.967841916666667,0,0x0001,
0.967849625000000,0,0x0111,
0.968109250000000,0,0x0001,
0.968116916666667,0,0x0105,
0.968371666666667,0,0x0010,
0.968379333333333,0,0x030B,
0.976538125000000,0,0x0001,
0.976545791666667,0,0x011D,
0.976801291666667,0,0x0001,
0.976809000000000,0,0x0101,
0.977063375000000,0,0x0010,
0.977071041666667,0,0x0307,
0.985230541666667,0,0x0001,
0.985238250000000,0,0x0119,
0.985493541666667,0,0x0001,
0.985501208333333,0,0x010D,
0.985756500000000,0,0x0010,
0.985764208333333,0,0x0303,
1.000450333333333,0,0x0001,
1.000458041666667,0,0x011D,
1.000716291666667,0,0x0001,
1.000724000000000,0,0x0101,
1.000982250000000,0,0x0010,
1.000989958333333,0,0x0307,
1.009147708333333,0,0x0001,
1.009155416666667,0,0x0119,
1.009410500000000,0,0x0001,
1.009418166666667,0,0x010D,
1.009673125000000,0,0x0010,
1.009680833333333,0,0x0303,
1.017844916666667,0,0x0001,
1.017852625000000,0,0x0115,
1.018107916666667,0,0x0001,
1.018115583333333,0,0x0109,
1.018370708333333,0,0x0010,
1.018378375000000,0,0x030F,
1.026535250000000,0,0x0001,
1.026542958333333,0,0x0111,
1.026798916666667,0,0x0001,
1.026806625000000,0,0x0105,
1.027061583333333,0,0x0010,
1.027069250000000,0,0x030B,
1.035238875000000,0,0x0001,
1.035246583333333,0,0x011D,
1.035502416666667,0,0x0001,
1.035510125000000,0,0x0101,
1.035765958333333,0,0x0010,
1.035773625000000,0,0x0307,
1.050463166666667,0,0x0001,
1.050470833333333,0,0x0111,
1.050728500000000,0,0x0001,
1.050736166666667,0,0x0105,
1.050991166666667,0,0x0010,
1.050998833333333,0,0x030B,
1.059157708333333,0,0x0001,
1.059165375000000,0,0x011D,
1.059419750000000,0,0x0001,
1.059427416666667,0,0x0101,
1.059681875000000,0,0x0010,
1.059689541666667,0,0x0307,
1.067851541666667,0,0x0001,
1.067859208333333,0,0x0119,
1.068113708333333,0,0x0001,
1.068121375000000,0,0x010D,
1.068381416666667,0,0x0010,
1.068389083333333,0,0x0303,
1.076548208333333,0,0x0001,
1.076555916666667,0,0x0115,
1.076810708333333,0,0x0001,
1.076818375000000,0,0x0109,
1.077073083333333,0,0x0010,
1.077080750000000,0,0x030F,
1.085237625000000,0,0x0001,
1.085245291666667,0,0x0111,
1.085499916666667,0,0x0001,
1.085507583333333,0,0x0105,
1.085762791666667,0,0x0010,
1.085770458333333,0,0x030B,
1.100461416666667,0,0x0001,
1.100469125000000,0,0x0115,
1.100723458333333,0,0x0001,
1.100731166666667,0,0x0109,
1.100988875000000,0,0x0010,
1.100996541666667,0,0x030F,
1.109164333333333,0,0x0001,
1.109172000000000,0,0x0111,
1.109426916666667,0,0x0001,
1.109434583333333,0,0x0105,
1.109695583333333,0,0x0010,
1.109703291666667,0,0x030B,
1.117860833333333,0,0x0001,
1.117868541666667,0,0x011D,
1.118129875000000,0,0x0001,
1.118137541666667,0,0x0101,
1.118392583333333,0,0x0010,
1.118400250000000,0,0x0307,
1.126558291666667,0,0x0001,
1.126565958333333,0,0x0119,
1.126821958333333,0,0x0001,
1.126829625000000,0,0x010D,
1.127084708333333,0,0x0010,
1.127092375000000,0,0x0303,
1.135250250000000,0,0x0001,
1.135257958333333,0,0x0115,
1.135512666666667,0,0x0001,
1.135520333333333,0,0x0109,
1.135778208333333,0,0x0010,
1.135785875000000,0,0x030F,
1.150474958333333,0,0x0001,
1.150482666666667,0,0x0119,
1.150742750000000,0,0x0001,
1.150750416666667,0,0x010D,
1.151005250000000,0,0x0010,
1.151012958333333,0,0x0303,
1.159169708333333,0,0x0001,
1.159177375000000,0,0x0115,
1.159432291666667,0,0x0001,
1.159440000000000,0,0x0109,
1.159695166666667,0,0x0010,
1.159702875000000,0,0x030F,
1.167862125000000,0,0x0001,
1.167869833333333,0,0x0111,
1.168128958333333,0,0x0001,
1.168136625000000,0,0x0105,
1.168391208333333,0,0x0010,
1.168398916666667,0,0x030B,
1.176556708333333,0,0x0001,
1.176564416666667,0,0x011D,
1.176823916666667,0,0x0001,
1.176831625000000,0,0x0101,
1.177086583333333,0,0x0010,
1.177094291666667,0,0x0307,
1.185251750000000,0,0x0001,
1.185259416666667,0,0x0119,
1.185514875000000,0,0x0001,
1.185522541666667,0,0x010D,
1.185777166666667,0,0x0010,
1.185784833333333,0,0x0303,
1.200468208333333,0,0x0001,
1.200475875000000,0,0x011D,
1.200730833333333,0,0x0001,
1.200738541666667,0,0x0101,
1.200993958333333,0,0x0010,
1.201001666666667,0,0x0307,
1.209163916666667,0,0x0001,
1.209171583333333,0,0x0119,
1.209427291666667,0,0x0001,
1.209435000000000,0,0x010D,
1.209693125000000,0,0x0010,
1.209700791666667,0,0x0303,
1.217869208333333,0,0x0001,
1.217876875000000,0,0x0115,
1.218133000000000,0,0x0001,
1.218140666666667,0,0x0109,
1.218395916666667,0,0x0010,
1.218403583333333,0,0x030F,
1.226563750000000,0,0x0001,
1.226571458333333,0,0x0111,
1.226827791666667,0,0x0001,
1.226835458333333,0,0x0105,
1.227090000000000,0,0x0010,
1.227097666666667,0,0x030B,
1.235255916666667,0,0x0001,
1.235263625000000,0,0x011D,
1.235518875000000,0,0x0001,
1.235526541666667,0,0x0101,
1.235784541666667,0,0x0010,
1.235792250000000,0,0x0307,
1.250480541666667,0,0x0001,
1.250488208333333,0,0x0111,
1.250745333333333,0,0x0001,
1.250753041666667,0,0x0105,
1.251007791666667,0,0x0010,
1.251015500000000,0,0x030B,
1.259176916666667,0,0x0001,
1.259184583333333,0,0x011D,
1.259440125000000,0,0x0001,
1.259447791666667,0,0x0101,
1.259709625000000,0,0x0010,
1.259717333333333,0,0x0307,
1.267874833333333,0,0x0001,
1.267882500000000,0,0x0119,
1.268137416666667,0,0x0001,
1.268145125000000,0,0x010D,
1.268403458333333,0,0x0010,
1.268411166666667,0,0x0303,
1.276570791666667,0,0x0001,
1.276578458333333,0,0x0115,
1.276833500000000,0,0x0001,
1.276841166666667,0,0x0109,
1.277095666666667,0,0x0010,
1.277103333333333,0,0x030F,
1.285274708333333,0,0x0001,
1.285282375000000,0,0x0111,
1.285537625000000,0,0x0001,
1.285545291666667,0,0x0105,
1.285799875000000,0,0x0010,
1.285807541666667,0,0x030B,
1.300480625000000,0,0x0001,
1.300488333333333,0,0x0115,
1.300745791666667,0,0x0001,
1.300753458333333,0,0x0109,
1.301010291666667,0,0x0010,
1.301018000000000,0,0x030F,
1.309175416666667,0,0x0001,
1.309183083333333,0,0x0111,
1.309437750000000,0,0x0001,
1.309445416666667,0,0x0105,
1.309704458333333,0,0x0010,
1.309712125000000,0,0x030B,
1.317880750000000,0,0x0001,
1.317888416666667,0,0x011D,
1.318148958333333,0,0x0001,
1.318156625000000,0,0x0101,
1.318411750000000,0,0x0010,
1.318419416666667,0,0x0307,
1.326577166666667,0,0x0001,
1.326584833333333,0,0x0119,
1.326842208333333,0,0x0001,
1.326849916666667,0,0x010D,
1.327105000000000,0,0x0010,
1.327112666666667,0,0x0303,
1.335276041666667,0,0x0001,
1.335283708333333,0,0x0115,
1.335539000000000,0,0x0001,
1.335546666666667,0,0x0109,
1.335803083333333,0,0x0010,
1.335810791666667,0,0x030F,
1.350491291666667,0,0x0001,
1.350498958333333,0,0x0119,
1.350757833333333,0,0x0001,
1.350765500000000,0,0x010D,
1.351020791666667,0,0x0010,
1.351028500000000,0,0x0303,
1.359189833333333,0,0x0001,
1.359197541666667,0,0x0115,
1.359452541666667,0,0x0001,
1.359460208333333,0,0x0109,
1.359717291666667,0,0x0010,
1.359725000000000,0,0x030F,
1.367884541666667,0,0x0001,
1.367892250000000,0,0x0111,
1.368147375000000,0,0x0001,
1.368155041666667,0,0x0105,
1.368416000000000,0,0x0010,
1.368423666666667,0,0x030B,
1.376581208333333,0,0x0001,
1.376588875000000,0,0x011D,
1.376843583333333,0,0x0001,
1.376851250000000,0,0x0101,
1.377106125000000,0,0x0010,
1.377113791666667,0,0x0307,
1.385272458333333,0,0x0001,
1.385280125000000,0,0x0119,
1.385535333333333,0,0x0001,
1.385543000000000,0,0x010D,
1.385797708333333,0,0x0010,
1.385805375000000,0,0x0303,
1.400504875000000,0,0x0001,
1.400512541666667,0,0x011D,
1.400769583333333,0,0x0001,
1.400777250000000,0,0x0101,
1.401034250000000,0,0x0010,
1.401041958333333,0,0x0307,
1.409200500000000,0,0x0001,
1.409208166666667,0,0x0119,
1.409463083333333,0,0x0001,
1.409470750000000,0,0x010D,
1.409729208333333,0,0x0010,
1.409736875000000,0,0x0303,
1.417894583333333,0,0x0001,
1.417902250000000,0,0x0115,
1.418160000000000,0,0x0001,
1.418167708333333,0,0x0109,
1.418424125000000,0,0x0010,
1.418431791666667,0,0x030F,
1.426587833333333,0,0x0001,
1.426595500000000,0,0x0111,
1.426851458333333,0,0x0001,
1.426859125000000,0,0x0105,
1.427113458333333,0,0x0010,
1.427121125000000,0,0x030B,
1.435278875000000,0,0x0001,
1.435286541666667,0,0x011D,
1.435542833333333,0,0x0001,
1.435550500000000,0,0x0101,
1.435810541666667,0,0x0010,
1.435818208333333,0,0x0307,
1.450500666666667,0,0x0001,
1.450508375000000,0,0x0111,
1.450766500000000,0,0x0001,
1.450774166666667,0,0x0105,
1.451029041666667,0,0x0010,
1.451036708333333,0,0x030B,
1.459199791666667,0,0x0001,
1.459207458333333,0,0x011D,
1.459462250000000,0,0x0001,
1.459469916666667,0,0x0101,
1.459727541666667,0,0x0010,
1.459735250000000,0,0x0307,
1.467892458333333,0,0x0001,
1.467900166666667,0,0x0119,
1.468161625000000,0,0x0001,
1.468169291666667,0,0x010D,
1.468424375000000,0,0x0010,
1.468432083333333,0,0x0303,
1.476591666666667,0,0x0001,
1.476599333333333,0,0x0115,
1.476854458333333,0,0x0001,
1.476862125000000,0,0x0109,
1.477116041666667,0,0x0010,
1.477123708333333,0,0x030F,
1.485282333333333,0,0x0001,
1.485290041666667,0,0x0111,
1.485546750000000,0,0x0001,
1.485554416666667,0,0x0105,
1.485809375000000,0,0x0010,
1.485817041666667,0,0x030B,
1.501512041666667,0,0x0001,
1.501519750000000,0,0x0115,
1.501776708333333,0,0x0001,
1.501784375000000,0,0x0109,
1.502044125000000,0,0x0010,
1.502051833333333,0,0x030F,
1.510209625000000,0,0x0001,
1.510217291666667,0,0x0111,
1.510472666666667,0,0x0001,
1.510480375000000,0,0x0105,
1.510735333333333,0,0x0010,
1.510743000000000,0,0x030B,
1.518905250000000,0,0x0001,
1.518912916666667,0,0x011D,
1.519168666666667,0,0x0001,
1.519176333333333,0,0x0101,
1.519430583333333,0,0x0010,
1.519438291666667,0,0x0307,
1.527603250000000,0,0x0001,
1.527610916666667,0,0x0119,
1.527865750000000,0,0x0001,
1.527873458333333,0,0x010D,
1.528132833333333,0,0x0010,
1.528140500000000,0,0x0303,
1.536299166666667,0,0x0001,
1.536306833333333,0,0x0115,
1.536561375000000,0,0x0001,
1.536569083333333,0,0x0109,
1.536823583333333,0,0x0010,
1.536831250000000,0,0x030F,
1.542321041666667,0,0x0010,
1.542328708333333,0,0x0303,
1.542345666666667,0,0x0010,
1.542353375000000,0,0x0307,
1.550518041666667,0,0x0001,
1.550525708333333,0,0x0119,
1.550785166666667,0,0x0001,
1.550792875000000,0,0x010D,
1.551047875000000,0,0x0010,
1.551055583333333,0,0x0303,
1.559221916666667,0,0x0001,
1.559229625000000,0,0x0115,
1.559484583333333,0,0x0001,
1.559492250000000,0,0x0109,
1.559747083333333,0,0x0010,
1.559754750000000,0,0x030F,
1.567913291666667,0,0x0001,
1.567920958333333,0,0x0111,
1.568178125000000,0,0x0001,
1.568185791666667,0,0x0105,
1.568440833333333,0,0x0010,
1.568448500000000,0,0x030B,
1.576605041666667,0,0x0001,
1.576612708333333,0,0x011D,
1.576869291666667,0,0x0001,
1.576876958333333,0,0x0101,
1.577131583333333,0,0x0010,
1.577139250000000,0,0x0307,
1.585308125000000,0,0x0001,
1.585315833333333,0,0x0119,
1.585570875000000,0,0x0001,
1.585578541666667,0,0x010D,
1.585833500000000,0,0x0010,
1.585841166666667,0,0x0303,
1.600511375000000,0,0x0001,
1.600519041666667,0,0x011D,
1.600776583333333,0,0x0001,
1.600784250000000,0,0x0101,
1.601042000000000,0,0x0010,
1.601049666666667,0,0x0307,
1.609208166666667,0,0x0001,
1.609215875000000,0,0x0119,
1.609470916666667,0,0x0001,
1.609478583333333,0,0x010D,
1.609734291666667,0,0x0010,
1.609741958333333,0,0x0303,
1.617909416666667,0,0x0001,
1.617917083333333,0,0x0115,
1.618172458333333,0,0x0001,
1.618180125000000,0,0x0109,
1.618435583333333,0,0x0010,
1.618443291666667,0,0x030F,
1.626601083333333,0,0x0001,
1.626608750000000,0,0x0111,
1.626864083333333,0,0x0001,
1.626871750000000,0,0x0105,
1.627126666666667,0,0x0010,
1.627134333333333,0,0x030B,
1.635309000000000,0,0x0001,
1.635316666666667,0,0x011D,
1.635571333333333,0,0x0001,
1.635579000000000,0,0x0101,
1.635833791666667,0,0x0010,
1.635841458333333,0,0x0307,
1.650517833333333,0,0x0001,
1.650525500000000,0,0x0111,
1.650779958333333,0,0x0001,
1.650787625000000,0,0x0105,
1.651044750000000,0,0x0010,
1.651052416666667,0,0x030B,
1.659210000000000,0,0x0001,
1.659217666666667,0,0x011D,
1.659473208333333,0,0x0001,
1.659480916666667,0,0x0101,
1.659735625000000,0,0x0010,
1.659743291666667,0,0x0307,
1.667915458333333,0,0x0001,
1.667923125000000,0,0x0119,
1.668183166666667,0,0x0001,
1.668190875000000,0,0x010D,
1.668445791666667,0,0x0010,
1.668453500000000,0,0x0303,
1.676613500000000,0,0x0001,
1.676621166666667,0,0x0115,
1.676878625000000,0,0x0001,
1.676886291666667,0,0x0109,
1.677141208333333,0,0x0010,
1.677148875000000,0,0x030F,
1.685305833333333,0,0x0001,
1.685313500000000,0,0x0111,
1.685569916666667,0,0x0001,
1.685577625000000,0,0x0105,
1.685832291666667,0,0x0010,
1.685839958333333,0,0x030B,
1.700520125000000,0,0x0001,
1.700527791666667,0,0x0115,
1.700782500000000,0,0x0001,
1.700790166666667,0,0x0109,
1.701044833333333,0,0x0010,
1.701052541666667,0,0x030F,
1.709217041666667,0,0x0001,
1.709224750000000,0,0x0111,
1.709479541666667,0,0x0001,
1.709487250000000,0,0x0105,
1.709743125000000,0,0x0010,
1.709750791666667,0,0x030B,
1.717919375000000,0,0x0001,
1.717927083333333,0,0x011D,
1.718182083333333,0,0x0001,
1.718189750000000,0,0x0101,
1.718445750000000,0,0x0010,
1.718453458333333,0,0x0307,
1.726611750000000,0,0x0001,
1.726619416666667,0,0x0119,
1.726877625000000,0,0x0001,
1.726885333333333,0,0x010D,
1.727140666666667,0,0x0010,
1.727148333333333,0,0x0303,
1.735307375000000,0,0x0001,
1.735315041666667,0,0x0115,
1.735570625000000,0,0x0001,
1.735578291666667,0,0x0109,
1.735833208333333,0,0x0010,
1.735840875000000,0,0x030F,
1.750531291666667,0,0x0001,
1.750538958333333,0,0x0119,
1.750798000000000,0,0x0001,
1.750805708333333,0,0x010D,
1.751061458333333,0,0x0010,
1.751069125000000,0,0x0303,
1.759230916666667,0,0x0001,
1.759238625000000,0,0x0115,
1.759493750000000,0,0x0001,
1.759501416666667,0,0x0109,
1.759760083333333,0,0x0010,
1.759767750000000,0,0x030F,
1.767925416666667,0,0x0001,
1.767933083333333,0,0x0111,
1.768192083333333,0,0x0001,
1.768199750000000,0,0x0105,
1.768454333333333,0,0x0010,
1.768462041666667,0,0x030B,
1.776621625000000,0,0x0001,
1.776629291666667,0,0x011D,
1.776885000000000,0,0x0001,
1.776892666666667,0,0x0101,
1.777147166666667,0,0x0010,
1.777154875000000,0,0x0307,
1.785326791666667,0,0x0001,
1.785334458333333,0,0x0119,
1.785589708333333,0,0x0001,
1.785597416666667,0,0x010D,
1.785853166666667,0,0x0010,
1.785860833333333,0,0x0303,
1.800527791666667,0,0x0001,
1.800535458333333,0,0x011D,
1.800790041666667,0,0x0001,
1.800797750000000,0,0x0101,
1.801058458333333,0,0x0010,
1.801066166666667,0,0x0307,
1.809224500000000,0,0x0001,
1.809232166666667,0,0x0119,
1.809486958333333,0,0x0001,
1.809494666666667,0,0x010D,
1.809754500000000,0,0x0010,
1.809762208333333,0,0x0303,
1.817924541666667,0,0x0001,
1.817932208333333,0,0x0115,
1.818187625000000,0,0x0001,
1.818195333333333,0,0x0109,
1.818450625000000,0,0x0010,
1.818458333333333,0,0x030F,
1.826616750000000,0,0x0001,
1.826624458333333,0,0x0111,
1.826883666666667,0,0x0001,
1.826891333333333,0,0x0105,
1.827146458333333,0,0x0010,
1.827154125000000,0,0x030B,
1.835312541666667,0,0x0001,
1.835320208333333,0,0x011D,
1.835575791666667,0,0x0001,
1.835583458333333,0,0x0101,
1.835844166666667,0,0x0010,
1.835851833333333,0,0x0307,
1.850541125000000,0,0x0001,
1.850548791666667,0,0x0111,
1.850806625000000,0,0x0001,
1.850814333333333,0,0x0105,
1.851069291666667,0,0x0010,
1.851076958333333,0,0x030B,
1.859233250000000,0,0x0001,
1.859240958333333,0,0x011D,
1.859495750000000,0,0x0001,
1.859503416666667,0,0x0101,
1.859758333333333,0,0x0010,
1.859766000000000,0,0x0307,
1.867929375000000,0,0x0001,
1.867937041666667,0,0x0119,
1.868196583333333,0,0x0001,
1.868204250000000,0,0x010D,
1.868459000000000,0,0x0010,
1.868466666666667,0,0x0303,
1.876625291666667,0,0x0001,
1.876632958333333,0,0x0115,
1.876893041666667,0,0x0001,
1.876900708333333,0,0x0109,
1.877155291666667,0,0x0010,
1.877162958333333,0,0x030F,
1.885320125000000,0,0x0001,
1.885327833333333,0,0x0111,
1.885582916666667,0,0x0001,
1.885590583333333,0,0x0105,
1.885844958333333,0,0x0010,
1.885852666666667,0,0x030B,
1.900541416666667,0,0x0001,
1.900549125000000,0,0x0115,
1.900806875000000,0,0x0001,
1.900814583333333,0,0x0109,
1.901071958333333,0,0x0010,
1.901079625000000,0,0x030F,
1.909239250000000,0,0x0001,
1.909246916666667,0,0x0111,
1.909501875000000,0,0x0001,
1.909509583333333,0,0x0105,
1.909765125000000,0,0x0010,
1.909772833333333,0,0x030B,
1.917937625000000,0,0x0001,
1.917945333333333,0,0x011D,
1.918205583333333,0,0x0001,
1.918213250000000,0,0x0101,
1.918469166666667,0,0x0010,
1.918476833333333,0,0x0307,
1.926635333333333,0,0x0001,
1.926643000000000,0,0x0119,
1.926903833333333,0,0x0001,
1.926911541666667,0,0x010D,
1.927167000000000,0,0x0010,
1.927174666666667,0,0x0303,
1.935341333333333,0,0x0001,
1.935349000000000,0,0x0115,
1.935603375000000,0,0x0001,
1.935611083333333,0,0x0109,
1.935866666666667,0,0x0010,
1.935874375000000,0,0x030F,
1.950544083333333,0,0x0001,
1.950551750000000,0,0x0119,
1.950806458333333,0,0x0001,
1.950814166666667,0,0x010D,
1.951069875000000,0,0x0010,
1.951077541666667,0,0x0303,
1.959239166666667,0,0x0001,
1.959246833333333,0,0x0115,
1.959501583333333,0,0x0001,
1.959509250000000,0,0x0109,
1.959764208333333,0,0x0010,
1.959771875000000,0,0x030F,
1.967943791666667,0,0x0001,
1.967951500000000,0,0x0111,
1.968206833333333,0,0x0001,
1.968214500000000,0,0x0105,
1.968472958333333,0,0x0010,
1.968480666666667,0,0x030B,
1.976638875000000,0,0x0001,
1.976646541666667,0,0x011D,
1.976906750000000,0,0x0001,
1.976914416666667,0,0x0101,
1.977169416666667,0,0x0010,
1.977177125000000,0,0x0307,
1.985335166666667,0,0x0001,
1.985342833333333,0,0x0119,
1.985597625000000,0,0x0001,
1.985605333333333,0,0x010D,
1.985865291666667,0,0x0010,
1.985873000000000,0,0x0303,
2.000551458333333,0,0x0001,
2.000559125000000,0,0x011D,
2.000815916666667,0,0x0001,
2.000823625000000,0,0x0101,
2.001080875000000,0,0x0010,
2.001088583333333,0,0x0307,
2.009245291666667,0,0x0001,
2.009252958333333,0,0x0119,
2.009507875000000,0,0x0001,
2.009515541666667,0,0x010D,
2.009770625000000,0,0x0010,
2.009778291666667,0,0x0303,
2.017949125000000,0,0x0001,
2.017956791666667,0,0x0115,
2.018212458333333,0,0x0001,
2.018220125000000,0,0x0109,
2.018476250000000,0,0x0010,
2.018483916666667,0,0x030F,
2.026642083333333,0,0x0001,
2.026649750000000,0,0x0111,
2.026905208333333,0,0x0001,
2.026912916666667,0,0x0105,
2.027167958333334,0,0x0010,
2.027175666666666,0,0x030B,
2.035334625000000,0,0x0001,
2.035342291666667,0,0x011D,
2.035597541666667,0,0x0001,
2.035605250000000,0,0x0101,
2.035860875000000,0,0x0010,
2.035868541666667,0,0x0307,
2.050561458333333,0,0x0001,
2.050569125000000,0,0x0111,
2.050828291666666,0,0x0001,
2.050835958333333,0,0x0105,
2.051091125000000,0,0x0010,
2.051098833333334,0,0x030B,
2.059255500000000,0,0x0001,
2.059263166666667,0,0x011D,
2.059517958333333,0,0x0001,
2.059525625000000,0,0x0101,
2.059780625000000,0,0x0010,
2.059788333333334,0,0x0307,
2.067955458333333,0,0x0001,
2.067963166666666,0,0x0119,
2.068224291666667,0,0x0001,
2.068231958333334,0,0x010D,
2.068486791666666,0,0x0010,
2.068494458333333,0,0x0303,
2.076653208333333,0,0x0001,
2.076660875000000,0,0x0115,
2.076917208333333,0,0x0001,
2.076924875000000,0,0x0109,
2.077179916666667,0,0x0010,
2.077187583333334,0,0x030F,
2.085357416666667,0,0x0001,
2.085365083333333,0,0x0111,
2.085620375000000,0,0x0001,
2.085628041666667,0,0x0105,
2.085883875000000,0,0x0010,
2.085891541666667,0,0x030B,
2.100560208333333,0,0x0001,
2.100567916666667,0,0x0115,
2.100822458333333,0,0x0001,
2.100830125000000,0,0x0109,
2.101086541666667,0,0x0010,
2.101094208333333,0,0x030F,
2.109261000000000,0,0x0001,
2.109268666666666,0,0x0111,
2.109523416666667,0,0x0001,
2.109531125000000,0,0x0105,
2.109786750000000,0,0x0010,
2.109794416666666,0,0x030B,
2.117960333333333,0,0x0001,
2.117968000000000,0,0x011D,
2.118229541666667,0,0x0001,
2.118237208333333,0,0x0101,
2.118491833333333,0,0x0010,
2.118499541666667,0,0x0307,
2.126657541666667,0,0x0001,
2.126665208333333,0,0x0119,
2.126921791666667,0,0x0001,
2.126929458333333,0,0x010D,
2.127183875000000,0,0x0010,
2.127191583333333,0,0x0303,
2.135349000000000,0,0x0001,
2.135356708333333,0,0x0115,
2.135611666666667,0,0x0001,
2.135619333333334,0,0x0109,
2.135876791666667,0,0x0010,
2.135884458333333,0,0x030F,
2.150568000000000,0,0x0001,
2.150575666666667,0,0x0119,
2.150832666666667,0,0x0001,
2.150840333333333,0,0x010D,
2.151096208333333,0,0x0010,
2.151103875000000,0,0x0303,
2.159265666666667,0,0x0001,
2.159273333333333,0,0x0115,
2.159528541666667,0,0x0001,
2.159536250000000,0,0x0109,
2.159791291666667,0,0x0010,
2.159799000000000,0,0x030F,
2.167961708333333,0,0x0001,
2.167969375000000,0,0x0111,
2.168224583333333,0,0x0001,
2.168232291666667,0,0x0105,
2.168492000000000,0,0x0010,
2.168499666666666,0,0x030B,
2.176657541666667,0,0x0001,
2.176665208333334,0,0x011D,
2.176920666666667,0,0x0001,
2.176928333333333,0,0x0101,
2.177183000000000,0,0x0010,
2.177190666666667,0,0x0307,
2.185347000000000,0,0x0001,
2.185354708333333,0,0x0119,
2.185609250000000,0,0x0001,
2.185616916666667,0,0x010D,
2.185871750000000,0,0x0010,
2.185879416666667,0,0x0303,
2.200566083333333,0,0x0001,
2.200573750000000,0,0x011D,
2.200828375000000,0,0x0001,
2.200836083333333,0,0x0101,
2.201098500000000,0,0x0010,
2.201106166666666,0,0x0307,
2.209265750000000,0,0x0001,
2.209273416666667,0,0x0119,
2.209528500000000,0,0x0001,
2.209536208333333,0,0x010D,
2.209791583333333,0,0x0010,
2.209799250000000,0,0x0303,
2.217964916666667,0,0x0001,
2.217972583333333,0,0x0115,
2.218234000000000,0,0x0001,
2.218241708333333,0,0x0109,
2.218496333333333,0,0x0010,
2.218504000000000,0,0x030F,
2.226662458333333,0,0x0001,
2.226670125000000,0,0x0111,
2.226925583333333,0,0x0001,
2.226933291666667,0,0x0105,
2.227188666666667,0,0x0010,
2.227196375000000,0,0x030B,
2.235355083333333,0,0x0001,
2.235362791666667,0,0x011D,
2.235618416666667,0,0x0001,
2.235626125000000,0,0x0101,
2.235880958333333,0,0x0010,
2.235888625000000,0,0x0307,
2.250573833333333,0,0x0001,
2.250581541666667,0,0x0111,
2.250836875000000,0,0x0001,
2.250844541666666,0,0x0105,
2.251104083333333,0,0x0010,
2.251111750000000,0,0x030B,
2.259275916666667,0,0x0001,
2.259283625000000,0,0x011D,
2.259539041666667,0,0x0001,
2.259546708333333,0,0x0101,
2.259806750000000,0,0x0010,
2.259814416666666,0,0x0307,
2.267977500000000,0,0x0001,
2.267985208333333,0,0x0119,
2.268246208333333,0,0x0001,
2.268253875000000,0,0x010D,
2.268508708333334,0,0x0010,
2.268516375000000,0,0x0303,
2.276674916666667,0,0x0001,
2.276682625000000,0,0x0115,
2.276938500000000,0,0x0001,
2.276946208333333,0,0x0109,
2.277201291666667,0,0x0010,
2.277208958333333,0,0x030F,
2.285367916666666,0,0x0001,
2.285375625000000,0,0x0111,
2.285630583333333,0,0x0001,
2.285638291666667,0,0x0105,
2.285893833333333,0,0x0010,
2.285901500000000,0,0x030B,
2.300580541666667,0,0x0001,
2.300588208333334,0,0x0115,
2.300842750000000,0,0x0001,
2.300850416666667,0,0x0109,
2.301106791666667,0,0x0010,
2.301114458333333,0,0x030F,
2.309272375000000,0,0x0001,
2.309280083333333,0,0x0111,
2.309535000000000,0,0x0001,
2.309542666666667,0,0x0105,
2.309798250000000,0,0x0010,
2.309805916666666,0,0x030B,
2.317978000000000,0,0x0001,
2.317985666666666,0,0x011D,
2.318241125000000,0,0x0001,
2.318248791666667,0,0x0101,
2.318504583333334,0,0x0010,
2.318512250000000,0,0x0307,
2.326672291666667,0,0x0001,
2.326679958333334,0,0x0119,
2.326939625000000,0,0x0001,
2.326947291666666,0,0x010D,
2.327202125000000,0,0x0010,
2.327209833333333,0,0x0303,
2.335367250000000,0,0x0001,
2.335374916666667,0,0x0115,
2.335630708333333,0,0x0001,
2.335638375000000,0,0x0109,
2.335893500000000,0,0x0010,
2.335901166666666,0,0x030F,
2.350583375000000,0,0x0001,
2.350591083333333,0,0x0119,
2.350846125000000,0,0x0001,
2.350853791666667,0,0x010D,
2.351113791666667,0,0x0010,
2.351121500000000,0,0x0303,
2.359278458333333,0,0x0001,
2.359286125000000,0,0x0115,
2.359541041666667,0,0x0001,
2.359548708333334,0,0x0109,
2.359807958333333,0,0x0010,
2.359815666666667,0,0x030F,
2.367979625000000,0,0x0001,
2.367987291666667,0,0x0111,
2.368242291666667,0,0x0001,
2.368250000000000,0,0x0105,
2.368511041666667,0,0x0010,
2.368518708333333,0,0x030B,
2.376676500000000,0,0x0001,
2.376684166666667,0,0x011D,
2.376939041666667,0,0x0001,
2.376946750000000,0,0x0101,
2.377201375000000,0,0x0010,
2.377209041666667,0,0x0307,
2.385378958333333,0,0x0001,
2.385386625000000,0,0x0119,
2.385643333333333,0,0x0001,
2.385651000000000,0,0x010D,
2.385905250000000,0,0x0010,
2.385912916666667,0,0x0303,
2.400586666666667,0,0x0001,
2.400594333333333,0,0x011D,
2.400849958333333,0,0x0001,
2.400857625000000,0,0x0101,
2.401116416666667,0,0x0010,
2.401124125000000,0,0x0307,
2.409284625000000,0,0x0001,
2.409292333333333,0,0x0119,
2.409547583333334,0,0x0001,
2.409555250000000,0,0x010D,
2.409810125000000,0,0x0010,
2.409817791666667,0,0x0303,
2.417983541666667,0,0x0001,
2.417991208333333,0,0x0115,
2.418248625000000,0,0x0001,
2.418256333333333,0,0x0109,
2.418510625000000,0,0x0010,
2.418518333333334,0,0x030F,
2.426676208333333,0,0x0001,
2.426683875000000,0,0x0111,
2.426941500000000,0,0x0001,
2.426949208333333,0,0x0105,
2.427204416666667,0,0x0010,
2.427212083333333,0,0x030B,
2.435370000000000,0,0x0001,
2.435377666666667,0,0x011D,
2.435632541666667,0,0x0001,
2.435640250000000,0,0x0101,
2.435895875000000,0,0x0010,
2.435903541666667,0,0x0307,
2.450596333333333,0,0x0001,
2.450604000000000,0,0x0111,
2.450862625000000,0,0x0001,
2.450870291666666,0,0x0105,
2.451125291666667,0,0x0010,
2.451132958333333,0,0x030B,
2.459292208333333,0,0x0001,
2.459299875000000,0,0x011D,
2.459554166666666,0,0x0001,
2.459561833333333,0,0x0101,
2.459818291666667,0,0x0010,
2.459825958333334,0,0x0307,
2.467988708333333,0,0x0001,
2.467996416666667,0,0x0119,
2.468252375000000,0,0x0001,
2.468260083333333,0,0x010D,
2.468515625000000,0,0x0010,
2.468523291666667,0,0x0303,
2.476683041666667,0,0x0001,
2.476690750000000,0,0x0115,
2.476946583333334,0,0x0001,
2.476954250000000,0,0x0109,
2.477209041666667,0,0x0010,
2.477216750000000,0,0x030F,
2.485385833333333,0,0x0001,
2.485393500000000,0,0x0111,
2.485650291666667,0,0x0001,
2.485657958333333,0,0x0105,
2.485913208333333,0,0x0010,
2.485920916666667,0,0x030B,
2.500596875000000,0,0x0001,
2.500604541666667,0,0x0115,
2.500859916666667,0,0x0001,
2.500867583333333,0,0x0109,
2.501126916666667,0,0x0010,
2.501134625000000,0,0x030F,
2.509295750000000,0,0x0001,
2.509303458333333,0,0x0111,
2.509559000000000,0,0x0001,
2.509566666666667,0,0x0105,
2.509822208333333,0,0x0010,
2.509829875000000,0,0x030B,
2.517995833333333,0,0x0001,
2.518003500000000,0,0x011D,
2.518258958333333,0,0x0001,
2.518266625000000,0,0x0101,
2.518521958333333,0,0x0010,
2.518529625000000,0,0x0307,
2.526686333333333,0,0x0001,
2.526694000000000,0,0x0119,
2.526948875000000,0,0x0001,
2.526956583333333,0,0x010D,
2.527211791666667,0,0x0010,
2.527219458333333,0,0x0303,
2.535376958333333,0,0x0001,
2.535384625000000,0,0x0115,
2.535639708333334,0,0x0001,
2.535647375000000,0,0x0109,
2.535901916666667,0,0x0010,
2.535909625000000,0,0x030F,
2.550611166666667,0,0x0001,
2.550618875000000,0,0x0119,
2.550876333333334,0,0x0001,
2.550884000000000,0,0x010D,
2.551138791666667,0,0x0010,
2.551146458333333,0,0x0303,
2.559309583333333,0,0x0001,
2.559317250000000,0,0x0115,
2.559572458333333,0,0x0001,
2.559580125000000,0,0x0109,
2.559840791666667,0,0x0010,
2.559848458333333,0,0x030F,
2.568010750000000,0,0x0001,
2.568018458333333,0,0x0111,
2.568275416666667,0,0x0001,
2.568283083333333,0,0x0105,
2.568538083333333,0,0x0010,
2.568545750000000,0,0x030B,
2.576703791666667,0,0x0001,
2.576711458333333,0,0x011D,
2.576972750000000,0,0x0001,
2.576980416666667,0,0x0101,
2.577236041666667,0,0x0010,
2.577243708333333,0,0x0307,
2.585405166666667,0,0x0001,
2.585412833333333,0,0x0119,
2.585667958333334,0,0x0001,
2.585675625000000,0,0x010D,
2.585931250000000,0,0x0010,
2.585938916666667,0,0x0303,
2.600609500000000,0,0x0001,
2.600617166666667,0,0x011D,
2.600874000000000,0,0x0001,
2.600881666666667,0,0x0101,
2.601139625000000,0,0x0010,
2.601147291666666,0,0x0307,
2.609308166666667,0,0x0001,
2.609315875000000,0,0x0119,
2.609570875000000,0,0x0001,
2.609578541666667,0,0x010D,
2.609834833333333,0,0x0010,
2.609842500000000,0,0x0303,
2.618007208333333,0,0x0001,
2.618014875000000,0,0x0115,
2.618275750000000,0,0x0001,
2.618283416666667,0,0x0109,
2.618538500000000,0,0x0010,
2.618546166666667,0,0x030F,
2.626705166666667,0,0x0001,
2.626712833333333,0,0x0111,
2.626968958333333,0,0x0001,
2.626976625000000,0,0x0105,
2.627236041666666,0,0x0010,
2.627243708333333,0,0x030B,
2.635403041666667,0,0x0001,
2.635410708333333,0,0x011D,
2.635665875000000,0,0x0001,
2.635673541666667,0,0x0101,
2.635928083333333,0,0x0010,
2.635935750000000,0,0x0307,
2.650619541666666,0,0x0001,
2.650627208333333,0,0x0111,
2.650886625000000,0,0x0001,
2.650894291666666,0,0x0105,
2.651154208333333,0,0x0010,
2.651161875000000,0,0x030B,
2.659322708333333,0,0x0001,
2.659330375000000,0,0x011D,
2.659586583333333,0,0x0001,
2.659594250000000,0,0x0101,
2.659849875000000,0,0x0010,
2.659857583333333,0,0x0307,
2.668018625000000,0,0x0001,
2.668026291666667,0,0x0119,
2.668286208333333,0,0x0001,
2.668293916666667,0,0x010D,
2.668548791666667,0,0x0010,
2.668556500000000,0,0x0303,
2.676714708333333,0,0x0001,
2.676722375000000,0,0x0115,
2.676979333333333,0,0x0001,
2.676987000000000,0,0x0109,
2.677241541666667,0,0x0010,
2.677249208333333,0,0x030F,
2.685417500000000,0,0x0001,
2.685425208333333,0,0x0111,
2.685681500000000,0,0x0001,
2.685689166666667,0,0x0105,
2.685944083333333,0,0x0010,
2.685951791666667,0,0x030B,
2.700615833333333,0,0x0001,
2.700623500000000,0,0x0115,
2.700879166666667,0,0x0001,
2.700886833333333,0,0x0109,
2.701144875000000,0,0x0010,
2.701152583333333,0,0x030F,
2.709314250000000,0,0x0001,
2.709321916666667,0,0x0111,
2.709576791666667,0,0x0001,
2.709584500000000,0,0x0105,
2.709839500000000,0,0x0010,
2.709847208333333,0,0x030B,
2.718012708333333,0,0x0001,
2.718020416666667,0,0x011D,
2.718276083333333,0,0x0001,
2.718283750000000,0,0x0101,
2.718538666666667,0,0x0010,
2.718546375000000,0,0x0307,
2.726703750000000,0,0x0001,
2.726711416666667,0,0x0119,
2.726970375000000,0,0x0001,
2.726978041666666,0,0x010D,
2.727234750000000,0,0x0010,
2.727242458333333,0,0x0303,
2.735399375000000,0,0x0001,
2.735407041666666,0,0x0115,
2.735662500000000,0,0x0001,
2.735670166666667,0,0x0109,
2.735930875000000,0,0x0010,
2.735938541666667,0,0x030F,
2.750621833333333,0,0x0001,
2.750629541666667,0,0x0119,
2.750884000000000,0,0x0001,
2.750891708333334,0,0x010D,
2.751153125000000,0,0x0010,
2.751160791666666,0,0x0303,
2.759318583333333,0,0x0001,
2.759326250000000,0,0x0115,
2.759581250000000,0,0x0001,
2.759588916666667,0,0x0109,
2.759843291666667,0,0x0010,
2.759850958333333,0,0x030F,
2.768022708333334,0,0x0001,
2.768030375000000,0,0x0111,
2.768290916666666,0,0x0001,
2.768298625000000,0,0x0105,
2.768553583333333,0,0x0010,
2.768561291666667,0,0x030B,
2.776721125000000,0,0x0001,
2.776728791666667,0,0x011D,
2.776983958333333,0,0x0001,
2.776991666666667,0,0x0101,
2.777246125000000,0,0x0010,
2.777253791666667,0,0x0307,
2.785414458333333,0,0x0001,
2.785422125000000,0,0x0119,
2.785679041666667,0,0x0001,
2.785686708333333,0,0x010D,
2.785941875000000,0,0x0010,
2.785949541666667,0,0x0303,
2.800625958333333,0,0x0001,
2.800633666666667,0,0x011D,
2.800889916666667,0,0x0001,
2.800897583333333,0,0x0101,
2.801157208333333,0,0x0010,
2.801164875000000,0,0x0307,
2.809321583333333,0,0x0001,
2.809329250000000,0,0x0119,
2.809584083333333,0,0x0001,
2.809591750000000,0,0x010D,
2.809847333333333,0,0x0010,
2.809855041666667,0,0x0303,
2.818029375000000,0,0x0001,
2.818037083333333,0,0x0115,
2.818297583333333,0,0x0001,
2.818305291666667,0,0x0109,
2.818560041666667,0,0x0010,
2.818567708333333,0,0x030F,
2.826725500000000,0,0x0001,
2.826733166666667,0,0x0111,
2.826992375000000,0,0x0001,
2.827000041666667,0,0x0105,
2.827254541666667,0,0x0010,
2.827262208333333,0,0x030B,
2.835420416666667,0,0x0001,
2.835428083333333,0,0x011D,
2.835683750000000,0,0x0001,
2.835691458333333,0,0x0101,
2.835949125000000,0,0x0010,
2.835956791666667,0,0x0307,
2.850634333333333,0,0x0001,
2.850642000000000,0,0x0111,
2.850896666666667,0,0x0001,
2.850904333333333,0,0x0105,
2.851163000000000,0,0x0010,
2.851170708333334,0,0x030B,
2.859331083333333,0,0x0001,
2.859338750000000,0,0x011D,
2.859593708333333,0,0x0001,
2.859601416666667,0,0x0101,
2.859855833333333,0,0x0010,
2.859863541666666,0,0x0307,
2.868030250000000,0,0x0001,
2.868037958333333,0,0x0119,
2.868292791666667,0,0x0001,
2.868300500000000,0,0x010D,
2.868558541666667,0,0x0010,
2.868566208333333,0,0x0303,
2.876725833333333,0,0x0001,
2.876733500000000,0,0x0115,
2.876989333333333,0,0x0001,
2.876997000000000,0,0x0109,
2.877251875000000,0,0x0010,
2.877259541666667,0,0x030F,
2.885416666666667,0,0x0001,
2.885424333333333,0,0x0111,
2.885679958333333,0,0x0001,
2.885687666666667,0,0x0105,
2.885942416666667,0,0x0010,
2.885950083333333,0,0x030B,
2.900646666666667,0,0x0001,
2.900654333333333,0,0x0115,
2.900909541666667,0,0x0001,
2.900917208333333,0,0x0109,
2.901171750000000,0,0x0010,
2.901179416666666,0,0x030F,
2.909341916666667,0,0x0001,
2.909349583333333,0,0x0111,
2.909605250000000,0,0x0001,
2.909612916666667,0,0x0105,
2.909867541666667,0,0x0010,
2.909875208333333,0,0x030B,
2.918036916666667,0,0x0001,
2.918044583333333,0,0x011D,
2.918305083333333,0,0x0001,
2.918312750000000,0,0x0101,
2.918567875000000,0,0x0010,
2.918575541666667,0,0x0307,
2.926733041666667,0,0x0001,
2.926740750000000,0,0x0119,
2.926999625000000,0,0x0001,
2.927007291666667,0,0x010D,
2.927262416666667,0,0x0010,
2.927270083333333,0,0x0303,
2.935427750000000,0,0x0001,
2.935435416666667,0,0x0115,
2.935690916666667,0,0x0001,
2.935698625000000,0,0x0109,
2.935953333333333,0,0x0010,
2.935961000000000,0,0x030F,
2.950652333333333,0,0x0001,
2.950660000000000,0,0x0119,
2.950918250000000,0,0x0001,
2.950925958333333,0,0x010D,
2.951181333333333,0,0x0010,
2.951189000000000,0,0x0303,
2.959347500000000,0,0x0001,
2.959355166666667,0,0x0115,
2.959610291666666,0,0x0001,
2.959617958333333,0,0x0109,
2.959872333333333,0,0x0010,
2.959880000000000,0,0x030F,
2.968037541666666,0,0x0001,
2.968045208333333,0,0x0111,
2.968304958333333,0,0x0001,
2.968312666666667,0,0x0105,
2.968568125000000,0,0x0010,
2.968575791666667,0,0x030B,
2.976734208333333,0,0x0001,
2.976741875000000,0,0x011D,
2.977000541666666,0,0x0001,
2.977008250000000,0,0x0101,
2.977263125000000,0,0x0010,
2.977270791666667,0,0x0307,
2.985428791666667,0,0x0001,
2.985436458333333,0,0x0119,
2.985692625000000,0,0x0001,
2.985700291666667,0,0x010D,
2.985955625000000,0,0x0010,
2.985963291666667,0,0x0303,
3.000649541666667,0,0x0001,
3.000657250000000,0,0x011D,
3.000914000000000,0,0x0001,
3.000921708333333,0,0x0101,
3.001180208333333,0,0x0010,
3.001187916666667,0,0x0307,
3.009345500000000,0,0x0001,
3.009353166666667,0,0x0119,
3.009608625000000,0,0x0001,
3.009616291666667,0,0x010D,
3.009871750000000,0,0x0010,
3.009879416666667,0,0x0303,
3.018041916666667,0,0x0001,
3.018049583333333,0,0x0115,
3.018305541666667,0,0x0001,
3.018313250000000,0,0x0109,
3.018568500000000,0,0x0010,
3.018576166666667,0,0x030F,
3.026734375000000,0,0x0001,
3.026742041666667,0,0x0111,
3.026997875000000,0,0x0001,
3.027005541666667,0,0x0105,
3.027260291666667,0,0x0010,
3.027267958333333,0,0x030B,
3.035428000000000,0,0x0001,
3.035435666666667,0,0x011D,
3.035691208333333,0,0x0001,
3.035698875000000,0,0x0101,
3.035959125000000,0,0x0010,
3.035966791666667,0,0x0307,
3.050659041666667,0,0x0001,
3.050666708333333,0,0x0111,
3.050925916666666,0,0x0001,
3.050933625000000,0,0x0105,
3.051188541666667,0,0x0010,
3.051196208333333,0,0x030B,
3.059358791666666,0,0x0001,
3.059366458333333,0,0x011D,
3.059621500000000,0,0x0001,
3.059629166666667,0,0x0101,
3.059883083333333,0,0x0010,
3.059890750000000,0,0x0307,
3.068053000000000,0,0x0001,
3.068060666666667,0,0x0119,
3.068315541666667,0,0x0001,
3.068323208333333,0,0x010D,
3.068584625000000,0,0x0010,
3.068592333333333,0,0x0303,
3.076750125000000,0,0x0001,
3.076757791666667,0,0x0115,
3.077013250000000,0,0x0001,
3.077020916666667,0,0x0109,
3.077275875000000,0,0x0010,
3.077283541666667,0,0x030F,
3.085441708333333,0,0x0001,
3.085449416666667,0,0x0111,
3.085707833333333,0,0x0001,
3.085715500000000,0,0x0105,
3.085970625000000,0,0x0010,
3.085978291666667,0,0x030B,
3.100660541666667,0,0x0001,
3.100668208333333,0,0x0115,
3.100925166666667,0,0x0001,
3.100932833333333,0,0x0109,
3.101190541666667,0,0x0010,
3.101198208333333,0,0x030F,
3.109354625000000,0,0x0001,
3.109362291666667,0,0x0111,
3.109617958333333,0,0x0001,
3.109625625000000,0,0x0105,
3.109881375000000,0,0x0010,
3.109889083333333,0,0x030B,
3.118054583333334,0,0x0001,
3.118062250000000,0,0x011D,
3.118322541666667,0,0x0001,
3.118330208333334,0,0x0101,
3.118585333333333,0,0x0010,
3.118593000000000,0,0x0307,
3.126751041666667,0,0x0001,
3.126758708333333,0,0x0119,
3.127014333333333,0,0x0001,
3.127022000000000,0,0x010D,
3.127276875000000,0,0x0010,
3.127284541666667,0,0x0303,
3.135457750000000,0,0x0001,
3.135465416666666,0,0x0115,
3.135720791666667,0,0x0001,
3.135728500000000,0,0x0109,
3.135983666666667,0,0x0010,
3.135991333333333,0,0x030F,
3.150673125000000,0,0x0001,
3.150680791666667,0,0x0119,
3.150936875000000,0,0x0001,
3.150944583333333,0,0x010D,
3.151200458333333,0,0x0010,
3.151208125000000,0,0x0303,
3.159367750000000,0,0x0001,
3.159375458333333,0,0x0115,
3.159630291666667,0,0x0001,
3.159637958333333,0,0x0109,
3.159892083333333,0,0x0010,
3.159899750000000,0,0x030F,
3.168062166666667,0,0x0001,
3.168069833333333,0,0x0111,
3.168328625000000,0,0x0001,
3.168336291666667,0,0x0105,
3.168591958333333,0,0x0010,
3.168599666666667,0,0x030B,
3.176759500000000,0,0x0001,
3.176767166666667,0,0x011D,
3.177022083333333,0,0x0001,
3.177029750000000,0,0x0101,
3.177284833333333,0,0x0010,
3.177292541666667,0,0x0307,
3.185464250000000,0,0x0001,
3.185471958333333,0,0x0119,
3.185726916666667,0,0x0001,
3.185734583333333,0,0x010D,
3.185993625000000,0,0x0010,
3.186001333333333,0,0x0303,
3.200665083333333,0,0x0001,
3.200672750000000,0,0x011D,
3.200927458333333,0,0x0001,
3.200935125000000,0,0x0101,
3.201196291666667,0,0x0010,
3.201204000000000,0,0x0307,
3.209364708333333,0,0x0001,
3.209372416666667,0,0x0119,
3.209627250000000,0,0x0001,
3.209634916666666,0,0x010D,
3.209891166666667,0,0x0010,
3.209898833333333,0,0x0303,
3.218062958333333,0,0x0001,
3.218070625000000,0,0x0115,
3.218325958333333,0,0x0001,
3.218333625000000,0,0x0109,
3.218588000000000,0,0x0010,
3.218595708333333,0,0x030F,
3.226753583333333,0,0x0001,
3.226761250000000,0,0x0111,
3.227018000000000,0,0x0001,
3.227025708333333,0,0x0105,
3.227281000000000,0,0x0010,
3.227288666666666,0,0x030B,
3.235445833333333,0,0x0001,
3.235453500000000,0,0x011D,
3.235709083333334,0,0x0001,
3.235716750000000,0,0x0101,
3.235971583333333,0,0x0010,
3.235979291666667,0,0x0307,
3.250679458333333,0,0x0001,
3.250687125000000,0,0x0111,
3.250947666666667,0,0x0001,
3.250955333333333,0,0x0105,
3.251210291666667,0,0x0010,
3.251217958333333,0,0x030B,
3.259381083333333,0,0x0001,
3.259388750000000,0,0x011D,
3.259643583333333,0,0x0001,
3.259651250000000,0,0x0101,
3.259911708333334,0,0x0010,
3.259919416666667,0,0x0307,
3.268079583333333,0,0x0001,
3.268087250000000,0,0x0119,
3.268345500000000,0,0x0001,
3.268353166666667,0,0x010D,
3.268607958333333,0,0x0010,
3.268615625000000,0,0x0303,
3.276775875000000,0,0x0001,
3.276783541666667,0,0x0115,
3.277039833333333,0,0x0001,
3.277047500000000,0,0x0109,
3.277302541666667,0,0x0010,
3.277310208333333,0,0x030F,
3.285477166666666,0,0x0001,
3.285484833333333,0,0x0111,
3.285741916666667,0,0x0001,
3.285749583333333,0,0x0105,
3.286004541666667,0,0x0010,
3.286012208333333,0,0x030B,
3.300675291666667,0,0x0001,
3.300682958333333,0,0x0115,
3.300938833333333,0,0x0001,
3.300946500000000,0,0x0109,
3.301205333333333,0,0x0010,
3.301213000000000,0,0x030F,
3.309373833333333,0,0x0001,
3.309381500000000,0,0x0111,
3.309636250000000,0,0x0001,
3.309643916666666,0,0x0105,
3.309899083333333,0,0x0010,
3.309906750000000,0,0x030B,
3.318078083333333,0,0x0001,
3.318085750000000,0,0x011D,
3.318345833333333,0,0x0001,
3.318353500000000,0,0x0101,
3.318609375000000,0,0x0010,
3.318617083333333,0,0x0307,
3.326773791666667,0,0x0001,
3.326781458333333,0,0x0119,
3.327041791666667,0,0x0001,
3.327049458333333,0,0x010D,
3.327305250000000,0,0x0010,
3.327312916666667,0,0x0303,
3.335469750000000,0,0x0001,
3.335477416666667,0,0x0115,
3.335732708333333,0,0x0001,
3.335740375000000,0,0x0109,
3.336001125000000,0,0x0010,
3.336008791666667,0,0x030F,
3.350685041666666,0,0x0001,
3.350692750000000,0,0x0119,
3.350951666666667,0,0x0001,
3.350959375000000,0,0x010D,
3.351215000000000,0,0x0010,
3.351222666666667,0,0x0303,
3.359389666666666,0,0x0001,
3.359397375000000,0,0x0115,
3.359652583333333,0,0x0001,
3.359660291666667,0,0x0109,
3.359917666666667,0,0x0010,
3.359925333333333,0,0x030F,
3.368091458333333,0,0x0001,
3.368099125000000,0,0x0111,
3.368358708333334,0,0x0001,
3.368366375000000,0,0x0105,
3.368621208333333,0,0x0010,
3.368628875000000,0,0x030B,
3.376787875000000,0,0x0001,
3.376795541666667,0,0x011D,
3.377051750000000,0,0x0001,
3.377059416666667,0,0x0101,
3.377314166666667,0,0x0010,
3.377321833333333,0,0x0307,
3.385490250000000,0,0x0001,
3.385497916666667,0,0x0119,
3.385752750000000,0,0x0001,
3.385760458333333,0,0x010D,
3.386015166666667,0,0x0010,
3.386022833333334,0,0x0303,
3.400687041666667,0,0x0001,
3.400694708333333,0,0x011D,
3.400950500000000,0,0x0001,
3.400958166666667,0,0x0101,
3.401215416666667,0,0x0010,
3.401223083333333,0,0x0307,
3.409381083333333,0,0x0001,
3.409388750000000,0,0x0119,
3.409643833333333,0,0x0001,
3.409651541666667,0,0x010D,
3.409911750000000,0,0x0010,
3.409919458333333,0,0x0303,
3.418087666666667,0,0x0001,
3.418095333333333,0,0x0115,
3.418350625000000,0,0x0001,
3.418358291666667,0,0x0109,
3.418614208333334,0,0x0010,
3.418621875000000,0,0x030F,
3.426781875000000,0,0x0001,
3.426789541666666,0,0x0111,
3.427048333333333,0,0x0001,
3.427056000000000,0,0x0105,
3.427311500000000,0,0x0010,
3.427319166666666,0,0x030B,
3.435486333333333,0,0x0001,
3.435494000000000,0,0x011D,
3.435749166666667,0,0x0001,
3.435756833333333,0,0x0101,
3.436012125000000,0,0x0010,
3.436019833333333,0,0x0307,
3.450701000000000,0,0x0001,
3.450708708333333,0,0x0111,
3.450966333333333,0,0x0001,
3.450974041666667,0,0x0105,
3.451230083333333,0,0x0010,
3.451237791666667,0,0x030B,
3.459399250000000,0,0x0001,
3.459406916666667,0,0x011D,
3.459662208333333,0,0x0001,
3.459669875000000,0,0x0101,
3.459924250000000,0,0x0010,
3.459931916666667,0,0x0307,
3.468093833333334,0,0x0001,
3.468101500000000,0,0x0119,
3.468362625000000,0,0x0001,
3.468370291666667,0,0x010D,
3.468625750000000,0,0x0010,
3.468633416666667,0,0x0303,
3.476791208333333,0,0x0001,
3.476798916666667,0,0x0115,
3.477059375000000,0,0x0001,
3.477067083333333,0,0x0109,
3.477322166666667,0,0x0010,
3.477329875000000,0,0x030F,
3.485497958333333,0,0x0001,
3.485505666666667,0,0x0111,
3.485760416666666,0,0x0001,
3.485768083333333,0,0x0105,
3.486028000000000,0,0x0010,
3.486035708333334,0,0x030B,
3.500694541666667,0,0x0001,
3.500702208333333,0,0x0115,
3.500959250000000,0,0x0001,
3.500966958333333,0,0x0109,
3.501224291666666,0,0x0010,
3.501231958333333,0,0x030F,
3.509391041666666,0,0x0001,
3.509398708333333,0,0x0111,
3.509653458333333,0,0x0001,
3.509661166666667,0,0x0105,
3.509917208333333,0,0x0010,
3.509924875000000,0,0x030B,
3.518098208333333,0,0x0001,
3.518105916666667,0,0x011D,
3.518361416666667,0,0x0001,
3.518369083333333,0,0x0101,
3.518624583333333,0,0x0010,
3.518632250000000,0,0x0307,
3.526791000000000,0,0x0001,
3.526798666666667,0,0x0119,
3.527055125000000,0,0x0001,
3.527062791666667,0,0x010D,
3.527317583333333,0,0x0010,
3.527325250000000,0,0x0303,
3.535482958333333,0,0x0001,
3.535490625000000,0,0x0115,
3.535746208333333,0,0x0001,
3.535753875000000,0,0x0109,
3.536009916666667,0,0x0010,
3.536017583333333,0,0x030F,
3.550692750000000,0,0x0001,
3.550700416666666,0,0x0119,
3.550960000000000,0,0x0001,
3.550967708333333,0,0x010D,
3.551222541666667,0,0x0010,
3.551230208333333,0,0x0303,
3.559391750000000,0,0x0001,
3.559399416666666,0,0x0115,
3.559653958333334,0,0x0001,
3.559661625000000,0,0x0109,
3.559916708333333,0,0x0010,
3.559924416666667,0,0x030F,
3.568082541666667,0,0x0001,
3.568090208333333,0,0x0111,
3.568351083333333,0,0x0001,
3.568358750000000,0,0x0105,
3.568616666666667,0,0x0010,
3.568624333333333,0,0x030B,
3.576783833333333,0,0x0001,
3.576791500000000,0,0x011D,
3.577052875000000,0,0x0001,
3.577060583333334,0,0x0101,
3.577314916666666,0,0x0010,
3.577322625000000,0,0x0307,
3.585480583333333,0,0x0001,
3.585488250000000,0,0x0119,
3.585744500000000,0,0x0001,
3.585752208333334,0,0x010D,
3.586006375000000,0,0x0010,
3.586014041666667,0,0x0303,
3.600707916666666,0,0x0001,
3.600715583333333,0,0x011D,
3.600970458333333,0,0x0001,
3.600978125000000,0,0x0101,
3.601236125000000,0,0x0010,
3.601243833333333,0,0x0307,
3.609405916666667,0,0x0001,
3.609413583333333,0,0x0119,
3.609668666666667,0,0x0001,
3.609676375000000,0,0x010D,
3.609932125000000,0,0x0010,
3.609939791666667,0,0x0303,
3.618102375000000,0,0x0001,
3.618110041666667,0,0x0115,
3.618370166666667,0,0x0001,
3.618377875000000,0,0x0109,
3.618632708333333,0,0x0010,
3.618640375000000,0,0x030F,
3.626798125000000,0,0x0001,
3.626805791666667,0,0x0111,
3.627066416666667,0,0x0001,
3.627074083333333,0,0x0105,
3.627329333333333,0,0x0010,
3.627337000000000,0,0x030B,
3.635495000000000,0,0x0001,
3.635502666666667,0,0x011D,
3.635757375000000,0,0x0001,
3.635765041666667,0,0x0101,
3.636019791666667,0,0x0010,
3.636027458333333,0,0x0307,
3.650716541666667,0,0x0001,
3.650724208333334,0,0x0111,
3.650983208333333,0,0x0001,
3.650990916666667,0,0x0105,
3.651246000000000,0,0x0010,
3.651253666666667,0,0x030B,
3.659415375000000,0,0x0001,
3.659423041666667,0,0x011D,
3.659677958333333,0,0x0001,
3.659685625000000,0,0x0101,
3.659940666666667,0,0x0010,
3.659948333333333,0,0x0307,
3.668113500000000,0,0x0001,
3.668121166666667,0,0x0119,
3.668382000000000,0,0x0001,
3.668389666666667,0,0x010D,
3.668644958333333,0,0x0010,
3.668652666666667,0,0x0303,
3.676809708333333,0,0x0001,
3.676817416666667,0,0x0115,
3.677073000000000,0,0x0001,
3.677080666666667,0,0x0109,
3.677335875000000,0,0x0010,
3.677343583333333,0,0x030F,
3.685502541666667,0,0x0001,
3.685510250000000,0,0x0111,
3.685765708333333,0,0x0001,
3.685773416666667,0,0x0105,
3.686033458333333,0,0x0010,
3.686041125000000,0,0x030B,
3.700791708333333,0,0x0001,
3.700799375000000,0,0x0115,
3.701059000000000,0,0x0001,
3.701066666666667,0,0x0109,
3.701326833333333,0,0x0010,
3.701334500000000,0,0x030F,
3.709492458333334,0,0x0001,
3.709500166666666,0,0x0111,
3.709755083333333,0,0x0001,
3.709762750000000,0,0x0105,
3.710021541666667,0,0x0010,
3.710029208333333,0,0x030B,
3.718194958333333,0,0x0001,
3.718202625000000,0,0x011D,
3.718458000000000,0,0x0001,
3.718465666666666,0,0x0101,
3.718720541666667,0,0x0010,
3.718728208333333,0,0x0307,
3.726888125000000,0,0x0001,
3.726895791666667,0,0x0119,
3.727155583333333,0,0x0001,
3.727163250000000,0,0x010D,
3.727418208333333,0,0x0010,
3.727425875000000,0,0x0303,
3.735583458333333,0,0x0001,
3.735591125000000,0,0x0115,
3.735846166666667,0,0x0001,
3.735853833333334,0,0x0109,
3.736111750000000,0,0x0010,
3.736119416666666,0,0x030F,
3.750720583333333,0,0x0001,
3.750728250000000,0,0x0119,
3.750983458333333,0,0x0001,
3.750991166666667,0,0x010D,
3.751251791666667,0,0x0010,
3.751259500000000,0,0x0303,
3.759418833333333,0,0x0001,
3.759426500000000,0,0x0115,
3.759681666666667,0,0x0001,
3.759689333333333,0,0x0109,
3.759944250000000,0,0x0010,
3.759951916666667,0,0x030F,
3.768124208333334,0,0x0001,
3.768131875000000,0,0x0111,
3.768386750000000,0,0x0001,
3.768394416666667,0,0x0105,
3.768653541666667,0,0x0010,
3.768661250000000,0,0x030B,
3.776822500000000,0,0x0001,
3.776830208333333,0,0x011D,
3.777086041666667,0,0x0001,
3.777093708333333,0,0x0101,
3.777347708333334,0,0x0010,
3.777355416666667,0,0x0307,
3.785514125000000,0,0x0001,
3.785521833333333,0,0x0119,
3.785779000000000,0,0x0001,
3.785786666666667,0,0x010D,
3.786041833333333,0,0x0010,
3.786049500000000,0,0x0303,
3.800727791666667,0,0x0001,
3.800735500000000,0,0x011D,
3.800992333333333,0,0x0001,
3.801000000000000,0,0x0101,
3.801258000000000,0,0x0010,
3.801265666666667,0,0x0307,
3.809423833333333,0,0x0001,
3.809431500000000,0,0x0119,
3.809685833333333,0,0x0001,
3.809693541666667,0,0x010D,
3.809949708333333,0,0x0010,
3.809957375000000,0,0x0303,
3.818123250000000,0,0x0001,
3.818130958333333,0,0x0115,
3.818390541666667,0,0x0001,
3.818398250000000,0,0x0109,
3.818653041666667,0,0x0010,
3.818660708333333,0,0x030F,
3.826819833333333,0,0x0001,
3.826827500000000,0,0x0111,
3.827083791666666,0,0x0001,
3.827091458333333,0,0x0105,
3.827346291666667,0,0x0010,
3.827354000000000,0,0x030B,
3.835511458333333,0,0x0001,
3.835519125000000,0,0x011D,
3.835775625000000,0,0x0001,
3.835783291666667,0,0x0101,
3.836039791666667,0,0x0010,
3.836047500000000,0,0x0307,
3.850740250000000,0,0x0001,
3.850747916666667,0,0x0111,
3.851006000000000,0,0x0001,
3.851013708333333,0,0x0105,
3.851268541666667,0,0x0010,
3.851276250000000,0,0x030B,
3.859433916666667,0,0x0001,
3.859441625000000,0,0x011D,
3.859696208333333,0,0x0001,
3.859703875000000,0,0x0101,
3.859962458333333,0,0x0010,
3.859970125000000,0,0x0307,
3.868132458333333,0,0x0001,
3.868140166666667,0,0x0119,
3.868395291666667,0,0x0001,
3.868402958333333,0,0x010D,
3.868662583333333,0,0x0010,
3.868670250000000,0,0x0303,
3.876828500000000,0,0x0001,
3.876836166666667,0,0x0115,
3.877095250000000,0,0x0001,
3.877102958333333,0,0x0109,
3.877357291666667,0,0x0010,
3.877365000000000,0,0x030F,
3.885530208333333,0,0x0001,
3.885537875000000,0,0x0111,
3.885793708333333,0,0x0001,
3.885801375000000,0,0x0105,
3.886056875000000,0,0x0010,
3.886064583333333,0,0x030B,
3.900735791666667,0,0x0001,
3.900743458333333,0,0x0115,
3.900999625000000,0,0x0001,
3.901007291666667,0,0x0109,
3.901264666666667,0,0x0010,
3.901272375000000,0,0x030F,
3.909430833333333,0,0x0001,
3.909438541666667,0,0x0111,
3.909693291666667,0,0x0001,
3.909700958333334,0,0x0105,
3.909960625000000,0,0x0010,
3.909968291666666,0,0x030B,
3.918131125000000,0,0x0001,
3.918138791666667,0,0x011D,
3.918398125000000,0,0x0001,
3.918405791666667,0,0x0101,
3.918661416666667,0,0x0010,
3.918669083333334,0,0x0307,
3.926827208333334,0,0x0001,
3.926834875000000,0,0x0119,
3.927093958333333,0,0x0001,
3.927101666666667,0,0x010D,
3.927356500000000,0,0x0010,
3.927364208333334,0,0x0303,
3.935522500000000,0,0x0001,
3.935530208333333,0,0x0115,
3.935785541666667,0,0x0001,
3.935793250000000,0,0x0109,
3.936048416666666,0,0x0010,
3.936056083333333,0,0x030F,
3.950744666666667,0,0x0001,
3.950752375000000,0,0x0119,
3.951010916666667,0,0x0001,
3.951018583333333,0,0x010D,
3.951274666666666,0,0x0010,
3.951282333333333,0,0x0303,
3.959439666666666,0,0x0001,
3.959447333333333,0,0x0115,
3.959702125000000,0,0x0001,
3.959709791666667,0,0x0109,
3.959964541666666,0,0x0010,
3.959972208333333,0,0x030F,
3.968142666666667,0,0x0001,
3.968150375000000,0,0x0111,
3.968410125000000,0,0x0001,
3.968417791666667,0,0x0105,
3.968672583333333,0,0x0010,
3.968680250000000,0,0x030B,
3.976837416666667,0,0x0001,
3.976845125000000,0,0x011D,
3.977104875000000,0,0x0001,
3.977112583333333,0,0x0101,
3.977367333333333,0,0x0010,
3.977375000000000,0,0x0307,
3.985539291666667,0,0x0001,
3.985547000000000,0,0x0119,
3.985802083333333,0,0x0001,
3.985809791666667,0,0x010D,
3.986064541666666,0,0x0010,
3.986072250000000,0,0x0303,
4.000744875000000,0,0x0001,
4.000752583333333,0,0x011D,
4.001007083333334,0,0x0001,
4.001014791666667,0,0x0101,
4.001269916666667,0,0x0010,
4.001277583333334,0,0x0307,
4.009445333333334,0,0x0001,
4.009453000000000,0,0x0119,
4.009708041666666,0,0x0001,
4.009715708333333,0,0x010D,
4.009971083333333,0,0x0010,
4.009978791666667,0,0x0303,
4.018147291666667,0,0x0001,
4.018154958333334,0,0x0115,
4.018417041666667,0,0x0001,
4.018424708333334,0,0x0109,
4.018678916666667,0,0x0010,
4.018686625000000,0,0x030F,
4.026845208333333,0,0x0001,
4.026852875000000,0,0x0111,
4.027108958333334,0,0x0001,
4.027116625000000,0,0x0105,
4.027371125000000,0,0x0010,
4.027378833333334,0,0x030B,
4.035547083333333,0,0x0001,
4.035554750000000,0,0x011D,
4.035809583333333,0,0x0001,
4.035817250000000,0,0x0101,
4.036073125000000,0,0x0010,
4.036080791666667,0,0x0307,
4.050740125000000,0,0x0001,
4.050747833333333,0,0x0111,
4.051007375000000,0,0x0001,
4.051015083333334,0,0x0105,
4.051271791666666,0,0x0010,
4.051279458333333,0,0x030B,
4.059446375000000,0,0x0001,
4.059454083333334,0,0x011D,
4.059708750000000,0,0x0001,
4.059716416666666,0,0x0101,
4.059972000000000,0,0x0010,
4.059979666666667,0,0x0307,
4.068152250000000,0,0x0001,
4.068159916666667,0,0x0119,
4.068420916666667,0,0x0001,
4.068428583333334,0,0x010D,
4.068683583333334,0,0x0010,
4.068691250000000,0,0x0303,
4.076851458333334,0,0x0001,
4.076859125000000,0,0x0115,
4.077114250000000,0,0x0001,
4.077121958333334,0,0x0109,
4.077376541666666,0,0x0010,
4.077384250000000,0,0x030F,
4.085551958333333,0,0x0001,
4.085559625000000,0,0x0111,
4.085814375000000,0,0x0001,
4.085822083333333,0,0x0105,
4.086077583333333,0,0x0010,
4.086085250000000,0,0x030B,
4.100758333333333,0,0x0001,
4.100766000000000,0,0x0115,
4.101023333333333,0,0x0001,
4.101031000000000,0,0x0109,
4.101289000000000,0,0x0010,
4.101296666666666,0,0x030F,
4.109455291666666,0,0x0001,
4.109462958333333,0,0x0111,
4.109717916666667,0,0x0001,
4.109725625000000,0,0x0105,
4.109980958333334,0,0x0010,
4.109988666666666,0,0x030B,
4.118155791666666,0,0x0001,
4.118163458333333,0,0x011D,
4.118419166666667,0,0x0001,
4.118426875000000,0,0x0101,
4.118683708333333,0,0x0010,
4.118691375000000,0,0x0307,
4.126850291666667,0,0x0001,
4.126857958333333,0,0x0119,
4.127117125000000,0,0x0001,
4.127124791666667,0,0x010D,
4.127380750000000,0,0x0010,
4.127388416666666,0,0x0303,
4.135546666666666,0,0x0001,
4.135554333333333,0,0x0115,
4.135809208333334,0,0x0001,
4.135816916666666,0,0x0109,
4.136072166666667,0,0x0010,
4.136079833333334,0,0x030F,
4.150764250000000,0,0x0001,
4.150771916666667,0,0x0119,
4.151026250000000,0,0x0001,
4.151033916666667,0,0x010D,
4.151291791666667,0,0x0010,
4.151299458333333,0,0x0303,
4.159463458333334,0,0x0001,
4.159471166666667,0,0x0115,
4.159726250000000,0,0x0001,
4.159733916666666,0,0x0109,
4.159988500000000,0,0x0010,
4.159996208333333,0,0x030F,
4.168156625000000,0,0x0001,
4.168164291666667,0,0x0111,
4.168423083333333,0,0x0001,
4.168430750000000,0,0x0105,
4.168685333333333,0,0x0010,
4.168693000000000,0,0x030B,
4.176849666666667,0,0x0001,
4.176857333333333,0,0x011D,
4.177115125000000,0,0x0001,
4.177122791666666,0,0x0101,
4.177377666666667,0,0x0010,
4.177385333333334,0,0x0307,
4.185543125000000,0,0x0001,
4.185550791666667,0,0x0119,
4.185806458333333,0,0x0001,
4.185814166666667,0,0x010D,
4.186068791666667,0,0x0010,
4.186076458333333,0,0x0303,
4.200766041666666,0,0x0001,
4.200773708333333,0,0x011D,
4.201028083333333,0,0x0001,
4.201035791666667,0,0x0101,
4.201294333333333,0,0x0010,
4.201302041666667,0,0x0307,
4.209465208333333,0,0x0001,
4.209472875000000,0,0x0119,
4.209727916666667,0,0x0001,
4.209735583333333,0,0x010D,
4.209991666666666,0,0x0010,
4.209999333333333,0,0x0303,
4.218160708333333,0,0x0001,
4.218168416666667,0,0x0115,
4.218424416666666,0,0x0001,
4.218432083333333,0,0x0109,
4.218687000000000,0,0x0010,
4.218694708333333,0,0x030F,
4.226854750000000,0,0x0001,
4.226862458333334,0,0x0111,
4.227119083333333,0,0x0001,
4.227126791666667,0,0x0105,
4.227381875000000,0,0x0010,
4.227389541666667,0,0x030B,
4.235548708333333,0,0x0001,
4.235556416666666,0,0x011D,
4.235812250000000,0,0x0001,
4.235819916666666,0,0x0101,
4.236075375000000,0,0x0010,
4.236083041666666,0,0x0307,
4.250775375000000,0,0x0001,
4.250783041666667,0,0x0111,
4.251041958333333,0,0x0001,
4.251049625000000,0,0x0105,
4.251305000000000,0,0x0010,
4.251312708333334,0,0x030B,
4.259471791666667,0,0x0001,
4.259479500000000,0,0x011D,
4.259734875000000,0,0x0001,
4.259742541666666,0,0x0101,
4.259997750000000,0,0x0010,
4.260005458333334,0,0x0307,
4.268172708333333,0,0x0001,
4.268180375000000,0,0x0119,
4.268440541666667,0,0x0001,
4.268448208333333,0,0x010D,
4.268703541666667,0,0x0010,
4.268711250000000,0,0x0303,
4.276873166666666,0,0x0001,
4.276880833333333,0,0x0115,
4.277136000000000,0,0x0001,
4.277143708333333,0,0x0109,
4.277398291666667,0,0x0010,
4.277405958333333,0,0x030F,
4.285565416666667,0,0x0001,
4.285573125000000,0,0x0111,
4.285828416666667,0,0x0001,
4.285836083333334,0,0x0105,
4.286090791666667,0,0x0010,
4.286098500000000,0,0x030B,
4.300781333333333,0,0x0001,
4.300789041666667,0,0x0115,
4.301044458333333,0,0x0001,
4.301052125000000,0,0x0109,
4.301310375000000,0,0x0010,
4.301318041666667,0,0x030F,
4.309475208333334,0,0x0001,
4.309482875000000,0,0x0111,
4.309737791666667,0,0x0001,
4.309745458333333,0,0x0105,
4.310000791666667,0,0x0010,
4.310008500000000,0,0x030B,
4.318177208333333,0,0x0001,
4.318184875000000,0,0x011D,
4.318445583333333,0,0x0001,
4.318453291666667,0,0x0101,
4.318708208333334,0,0x0010,
4.318715875000000,0,0x0307,
4.326876125000000,0,0x0001,
4.326883791666667,0,0x0119,
4.327139958333333,0,0x0001,
4.327147625000000,0,0x010D,
4.327403125000000,0,0x0010,
4.327410791666667,0,0x0303,
4.335577291666667,0,0x0001,
4.335584958333333,0,0x0115,
4.335839791666666,0,0x0001,
4.335847500000000,0,0x0109,
4.336103541666667,0,0x0010,
4.336111208333334,0,0x030F,
4.350788166666667,0,0x0001,
4.350795833333334,0,0x0119,
4.351053166666667,0,0x0001,
4.351060833333333,0,0x010D,
4.351316333333333,0,0x0010,
4.351324000000000,0,0x0303,
4.359482375000000,0,0x0001,
4.359490041666667,0,0x0115,
4.359745208333333,0,0x0001,
4.359752875000000,0,0x0109,
4.360008791666667,0,0x0010,
4.360016458333333,0,0x030F,
4.368175916666667,0,0x0001,
4.368183583333333,0,0x0111,
4.368443458333333,0,0x0001,
4.368451125000000,0,0x0105,
4.368706166666667,0,0x0010,
4.368713833333334,0,0x030B,
4.376870625000000,0,0x0001,
4.376878333333333,0,0x011D,
4.377134083333333,0,0x0001,
4.377141750000000,0,0x0101,
4.377396708333333,0,0x0010,
4.377404416666667,0,0x0307,
4.385562416666667,0,0x0001,
4.385570125000000,0,0x0119,
4.385825666666666,0,0x0001,
4.385833333333333,0,0x010D,
4.386088583333334,0,0x0010,
4.386096291666667,0,0x0303,
4.400785458333333,0,0x0001,
4.400793125000000,0,0x011D,
4.401047208333333,0,0x0001,
4.401054916666666,0,0x0101,
4.401312416666666,0,0x0010,
4.401320125000000,0,0x0307,
4.409481958333333,0,0x0001,
4.409489666666667,0,0x0119,
4.409744291666667,0,0x0001,
4.409751958333334,0,0x010D,
4.410009125000000,0,0x0010,
4.410016791666667,0,0x0303,
4.418181208333333,0,0x0001,
4.418188875000000,0,0x0115,
4.418447041666667,0,0x0001,
4.418454750000000,0,0x0109,
4.418709625000000,0,0x0010,
4.418717333333333,0,0x030F,
4.426876166666666,0,0x0001,
4.426883833333333,0,0x0111,
4.427143625000000,0,0x0001,
4.427151291666667,0,0x0105,
4.427406375000000,0,0x0010,
4.427414083333334,0,0x030B,
4.435570500000000,0,0x0001,
4.435578208333333,0,0x011D,
4.435833666666666,0,0x0001,
4.435841333333333,0,0x0101,
4.436096541666666,0,0x0010,
4.436104208333333,0,0x0307,
4.450790208333333,0,0x0001,
4.450797875000000,0,0x0111,
4.451053458333333,0,0x0001,
4.451061166666666,0,0x0105,
4.451321166666666,0,0x0010,
4.451328875000000,0,0x030B,
4.459493833333333,0,0x0001,
4.459501500000000,0,0x011D,
4.459756208333333,0,0x0001,
4.459763875000000,0,0x0101,
4.460022958333333,0,0x0010,
4.460030625000000,0,0x0307,
4.468194208333333,0,0x0001,
4.468201875000000,0,0x0119,
4.468460083333333,0,0x0001,
4.468467791666667,0,0x010D,
4.468722666666666,0,0x0010,
4.468730333333333,0,0x0303,
4.476888833333334,0,0x0001,
4.476896500000000,0,0x0115,
4.477152125000000,0,0x0001,
4.477159833333333,0,0x0109,
4.477420916666667,0,0x0010,
4.477428583333333,0,0x030F,
4.485598916666667,0,0x0001,
4.485606583333333,0,0x0111,
4.485862041666667,0,0x0001,
4.485869750000000,0,0x0105,
4.486124708333334,0,0x0010,
4.486132375000000,0,0x030B,
4.500794375000000,0,0x0001,
4.500802041666667,0,0x0115,
4.501057041666667,0,0x0001,
4.501064708333334,0,0x0109,
4.501325291666666,0,0x0010,
4.501332958333333,0,0x030F,
4.509490416666667,0,0x0001,
4.509498083333333,0,0x0111,
4.509752916666667,0,0x0001,
4.509760625000000,0,0x0105,
4.510018916666667,0,0x0010,
4.510026583333334,0,0x030B,
4.518190791666667,0,0x0001,
4.518198500000000,0,0x011D,
4.518457125000000,0,0x0001,
4.518464833333334,0,0x0101,
4.518719625000000,0,0x0010,
4.518727291666667,0,0x0307,
4.526885625000000,0,0x0001,
4.526893291666667,0,0x0119,
4.527149666666666,0,0x0001,
4.527157375000000,0,0x010D,
4.527412375000000,0,0x0010,
4.527420041666667,0,0x0303,
4.535578166666666,0,0x0001,
4.535585875000000,0,0x0115,
4.535843083333333,0,0x0001,
4.535850791666666,0,0x0109,
4.536105458333333,0,0x0010,
4.536113166666667,0,0x030F,
4.550806625000000,0,0x0001,
4.550814291666667,0,0x0119,
4.551070750000000,0,0x0001,
4.551078416666667,0,0x010D,
4.551334125000000,0,0x0010,
4.551341791666666,0,0x0303,
4.559504500000000,0,0x0001,
4.559512208333333,0,0x0115,
4.559767875000000,0,0x0001,
4.559775541666666,0,0x0109,
4.560037250000000,0,0x0010,
4.560044958333333,0,0x030F,
4.568214041666667,0,0x0001,
4.568221708333334,0,0x0111,
4.568480750000000,0,0x0001,
4.568488458333333,0,0x0105,
4.568743375000000,0,0x0010,
4.568751083333333,0,0x030B,
4.576908791666667,0,0x0001,
4.576916458333334,0,0x011D,
4.577175750000000,0,0x0001,
4.577183416666666,0,0x0101,
4.577438666666667,0,0x0010,
4.577446375000000,0,0x0307,
4.585720708333334,0,0x0001,
4.585728416666667,0,0x0119,
4.585986458333333,0,0x0001,
4.585994125000000,0,0x010D,
4.586249208333333,0,0x0010,
4.586256875000000,0,0x0303,
4.600805125000000,0,0x0001,
4.600812833333333,0,0x011D,
4.601067166666667,0,0x0001,
4.601074833333334,0,0x0101,
4.601333958333333,0,0x0010,
4.601341625000000,0,0x0307,
4.609502250000000,0,0x0001,
4.609509916666667,0,0x0119,
4.609765083333333,0,0x0001,
4.609772791666667,0,0x010D,
4.610027958333333,0,0x0010,
4.610035625000000,0,0x0303,
4.618203000000000,0,0x0001,
4.618210708333334,0,0x0115,
4.618469791666667,0,0x0001,
4.618477458333333,0,0x0109,
4.618732791666667,0,0x0010,
4.618740458333333,0,0x030F,
4.626901125000000,0,0x0001,
4.626908791666667,0,0x0111,
4.627169875000000,0,0x0001,
4.627177583333333,0,0x0105,
4.627431666666666,0,0x0010,
4.627439333333333,0,0x030B,
4.635608541666667,0,0x0001,
4.635616208333333,0,0x011D,
4.635873541666666,0,0x0001,
4.635881250000000,0,0x0101,
4.636136583333333,0,0x0010,
4.636144250000000,0,0x0307,
4.650812458333333,0,0x0001,
4.650820166666667,0,0x0111,
4.651075458333334,0,0x0001,
4.651083125000000,0,0x0105,
4.651337791666666,0,0x0010,
4.651345500000000,0,0x030B,
4.659503125000000,0,0x0001,
4.659510833333333,0,0x011D,
4.659766291666666,0,0x0001,
4.659774000000000,0,0x0101,
4.660029083333334,0,0x0010,
4.660036791666666,0,0x0307,
4.668207458333334,0,0x0001,
4.668215125000000,0,0x0119,
4.668474458333334,0,0x0001,
4.668482125000000,0,0x010D,
4.668737166666666,0,0x0010,
4.668744833333333,0,0x0303,
4.676902916666666,0,0x0001,
4.676910625000000,0,0x0115,
4.677167125000000,0,0x0001,
4.677174791666666,0,0x0109,
4.677428916666667,0,0x0010,
4.677436625000000,0,0x030F,
4.685595583333333,0,0x0001,
4.685603250000000,0,0x0111,
4.685857625000000,0,0x0001,
4.685865333333333,0,0x0105,
4.686127000000000,0,0x0010,
4.686134666666667,0,0x030B,
4.700815500000000,0,0x0001,
4.700823166666667,0,0x0115,
4.701077375000000,0,0x0001,
4.701085041666667,0,0x0109,
4.701341000000000,0,0x0010,
4.701348666666667,0,0x030F,
4.709512125000000,0,0x0001,
4.709519833333333,0,0x0111,
4.709774958333333,0,0x0001,
4.709782625000000,0,0x0105,
4.710038166666667,0,0x0010,
4.710045833333333,0,0x030B,
4.718211583333333,0,0x0001,
4.718219291666666,0,0x011D,
4.718475833333334,0,0x0001,
4.718483541666667,0,0x0101,
4.718744166666666,0,0x0010,
4.718751875000000,0,0x0307,
4.726911333333334,0,0x0001,
4.726919000000000,0,0x0119,
4.727174458333334,0,0x0001,
4.727182125000000,0,0x010D,
4.727436708333333,0,0x0010,
4.727444416666667,0,0x0303,
4.735603583333333,0,0x0001,
4.735611291666666,0,0x0115,
4.735866833333334,0,0x0001,
4.735874541666667,0,0x0109,
4.736129958333334,0,0x0010,
4.736137625000000,0,0x030F,
4.750819291666667,0,0x0001,
4.750826958333334,0,0x0119,
4.751082625000000,0,0x0001,
4.751090291666666,0,0x010D,
4.751351458333334,0,0x0010,
4.751359125000000,0,0x0303,
4.759526833333333,0,0x0001,
4.759534500000000,0,0x0115,
4.759789416666667,0,0x0001,
4.759797083333333,0,0x0109,
4.760052041666667,0,0x0010,
4.760059708333333,0,0x030F,
4.768218500000000,0,0x0001,
4.768226166666667,0,0x0111,
4.768486833333333,0,0x0001,
4.768494500000000,0,0x0105,
4.768749500000000,0,0x0010,
4.768757166666667,0,0x030B,
4.776914791666667,0,0x0001,
4.776922500000000,0,0x011D,
4.777184375000000,0,0x0001,
4.777192041666667,0,0x0101,
4.777446541666666,0,0x0010,
4.777454208333333,0,0x0307,
4.785612333333333,0,0x0001,
4.785620000000000,0,0x0119,
4.785875666666667,0,0x0001,
4.785883375000000,0,0x010D,
4.786138166666666,0,0x0010,
4.786145833333333,0,0x0303,
4.800827375000000,0,0x0001,
4.800835041666667,0,0x011D,
4.801091791666667,0,0x0001,
4.801099458333334,0,0x0101,
4.801356541666666,0,0x0010,
4.801364250000000,0,0x0307,
4.809522041666667,0,0x0001,
4.809529750000000,0,0x0119,
4.809784875000000,0,0x0001,
4.809792541666667,0,0x010D,
4.810047958333334,0,0x0010,
4.810055625000000,0,0x0303,
4.818221333333334,0,0x0001,
4.818229000000000,0,0x0115,
4.818490375000000,0,0x0001,
4.818498083333333,0,0x0109,
4.818753000000000,0,0x0010,
4.818760708333333,0,0x030F,
4.826921083333334,0,0x0001,
4.826928750000000,0,0x0111,
4.827190750000000,0,0x0001,
4.827198416666667,0,0x0105,
4.827453541666666,0,0x0010,
4.827461208333333,0,0x030B,
4.835619083333333,0,0x0001,
4.835626791666667,0,0x011D,
4.835881875000000,0,0x0001,
4.835889541666667,0,0x0101,
4.836148875000000,0,0x0010,
4.836156541666667,0,0x0307,
4.850835750000000,0,0x0001,
4.850843458333333,0,0x0111,
4.851101666666667,0,0x0001,
4.851109375000000,0,0x0105,
4.851364541666666,0,0x0010,
4.851372250000000,0,0x030B,
4.859533750000000,0,0x0001,
4.859541416666667,0,0x011D,
4.859796375000000,0,0x0001,
4.859804041666667,0,0x0101,
4.860058875000000,0,0x0010,
4.860066541666667,0,0x0307,
4.868224833333334,0,0x0001,
4.868232500000000,0,0x0119,
4.868487833333333,0,0x0001,
4.868495500000000,0,0x010D,
4.868750250000000,0,0x0010,
4.868757958333333,0,0x0303,
4.876915625000000,0,0x0001,
4.876923291666666,0,0x0115,
4.877183958333333,0,0x0001,
4.877191625000000,0,0x0109,
4.877446000000000,0,0x0010,
4.877453666666667,0,0x030F,
4.885612041666667,0,0x0001,
4.885619708333333,0,0x0111,
4.885874458333333,0,0x0001,
4.885882166666667,0,0x0105,
4.886137083333334,0,0x0010,
4.886144750000000,0,0x030B,
4.900833208333333,0,0x0001,
4.900840875000000,0,0x0115,
4.901095750000000,0,0x0001,
4.901103416666666,0,0x0109,
4.901360208333333,0,0x0010,
4.901367875000000,0,0x030F,
4.909531375000000,0,0x0001,
4.909539083333334,0,0x0111,
4.909794250000000,0,0x0001,
4.909801958333333,0,0x0105,
4.910058875000000,0,0x0010,
4.910066583333333,0,0x030B,
4.918234625000000,0,0x0001,
4.918242291666667,0,0x011D,
4.918503000000000,0,0x0001,
4.918510666666666,0,0x0101,
4.918765250000000,0,0x0010,
4.918772916666667,0,0x0307,
4.926931208333333,0,0x0001,
4.926938875000000,0,0x0119,
4.927195166666666,0,0x0001,
4.927202833333333,0,0x010D,
4.927457458333333,0,0x0010,
4.927465125000000,0,0x0303,
4.935638791666666,0,0x0001,
4.935646458333333,0,0x0115,
4.935901208333333,0,0x0001,
4.935908916666667,0,0x0109,
4.936164083333333,0,0x0010,
4.936171750000000,0,0x030F,
4.950848500000000,0,0x0001,
4.950856166666667,0,0x0119,
4.951116333333333,0,0x0001,
4.951124000000000,0,0x010D,
4.951378375000000,0,0x0010,
4.951386041666667,0,0x0303,
4.959543708333333,0,0x0001,
4.959551416666667,0,0x0115,
4.959805833333333,0,0x0001,
4.959813541666667,0,0x0109,
4.960070041666667,0,0x0010,
4.960077708333333,0,0x030F,
4.968237000000000,0,0x0001,
4.968244708333334,0,0x0111,
4.968499666666666,0,0x0001,
4.968507375000000,0,0x0105,
4.968768083333333,0,0x0010,
4.968775750000000,0,0x030B,
4.976933958333333,0,0x0001,
4.976941666666667,0,0x011D,
4.977201583333334,0,0x0001,
4.977209250000000,0,0x0101,
4.977465833333333,0,0x0010,
4.977473500000000,0,0x0307,
4.985633500000000,0,0x0001,
4.985641208333333,0,0x0119,
4.985896333333334,0,0x0001,
4.985904000000000,0,0x010D,
4.986158291666666,0,0x0010,
4.986165958333333,0,0x0303,
5.000843416666667,0,0x0001,
5.000851083333333,0,0x011D,
5.001107041666667,0,0x0001,
5.001114708333334,0,0x0101,
5.001371583333333,0,0x0010,
5.001379291666667,0,0x0307,
5.009541333333333,0,0x0001,
5.009549041666666,0,0x0119,
5.009803750000000,0,0x0001,
5.009811458333333,0,0x010D,
5.010067166666667,0,0x0010,
5.010074833333333,0,0x0303,
5.018240250000000,0,0x0001,
5.018247916666667,0,0x0115,
5.018509583333334,0,0x0001,
5.018517250000000,0,0x0109,
5.018772625000000,0,0x0010,
5.018780333333333,0,0x030F,
5.026937791666667,0,0x0001,
5.026945458333334,0,0x0111,
5.027205041666667,0,0x0001,
5.027212708333333,0,0x0105,
5.027468458333333,0,0x0010,
5.027476166666666,0,0x030B,
5.035633125000000,0,0x0001,
5.035640791666666,0,0x011D,
5.035897000000000,0,0x0001,
5.035904666666666,0,0x0101,
5.036163458333333,0,0x0010,
5.036171125000000,0,0x0307,
5.050859666666667,0,0x0001,
5.050867375000000,0,0x0111,
5.051125750000000,0,0x0001,
5.051133458333333,0,0x0105,
5.051387666666667,0,0x0010,
5.051395333333334,0,0x030B,
5.059552583333334,0,0x0001,
5.059560291666667,0,0x011D,
5.059815416666667,0,0x0001,
5.059823125000000,0,0x0101,
5.060082250000000,0,0x0010,
5.060089916666667,0,0x0307,
5.068250416666666,0,0x0001,
5.068258083333333,0,0x0119,
5.068513125000000,0,0x0001,
5.068520833333333,0,0x010D,
5.068780125000000,0,0x0010,
5.068787791666667,0,0x0303,
5.076946250000000,0,0x0001,
5.076953916666667,0,0x0115,
5.077209625000000,0,0x0001,
5.077217291666667,0,0x0109,
